集团名称,教育集团类型,主管机构,牵头单位,成员名称,成员类型,成员数据来源,链接,备注
全国现代服务业职业教育集团,职业教育,,,PMI中国,社会团体,官网,http://cmsiveg.org/index.aspx,
,,,,安徽城市管理职业学院,院校,官网,http://cmsiveg.org/index.aspx,
,,,,安徽工商职业学院,院校,官网,http://cmsiveg.org/index.aspx,
,,,,安徽国际商务职业教育集团,职教集团,官网,http://cmsiveg.org/index.aspx,
,,,,安徽国际商务职业学院,院校,官网,http://cmsiveg.org/index.aspx,
,,,,澳门市务学会,社会团体,官网,http://cmsiveg.org/index.aspx,
,,,,百色学院,院校,官网,http://cmsiveg.org/index.aspx,
,,,,包头服务管理职业学校,院校,官网,http://cmsiveg.org/index.aspx,
,,,,北京安亚中泰教育科技有限公司,企业,官网,http://cmsiveg.org/index.aspx,
,,,,北京恒盛鑫源管理咨询有限公司,企业,官网,http://cmsiveg.org/index.aspx,
,,,,北京华财会计股份有限公司,企业,官网,http://cmsiveg.org/index.aspx,
,,,,北京华晟经世信息技术有限公司,企业,官网,http://cmsiveg.org/index.aspx,
,,,,北京华唐中科科技集团有限公司,企业,官网,http://cmsiveg.org/index.aspx,
,,,,北京汇易仁合教育咨询有限公司,企业,官网,http://cmsiveg.org/index.aspx,
,,,,北京杰威品牌营销顾问有限公司,企业,官网,http://cmsiveg.org/index.aspx,
,,,,北京经济管理职业学院,院校,官网,http://cmsiveg.org/index.aspx,
,,,,北京欧华远景教育投资顾问有限公司,企业,官网,http://cmsiveg.org/index.aspx,
,,,,北京企业管理咨询协会,社会团体,官网,http://cmsiveg.org/index.aspx,
,,,,北京三快在线科技有限公司,企业,官网,http://cmsiveg.org/index.aspx,
,,,,北京市商业学校,院校,官网,http://cmsiveg.org/index.aspx,
,,,,北京市现代服务业职业教育集团,职教集团,官网,http://cmsiveg.org/index.aspx,
,,,,北京信达嘉鼎科技有限公司,企业,官网,http://cmsiveg.org/index.aspx,
,,,,北京云泽科技有限公司,企业,官网,http://cmsiveg.org/index.aspx,
,,,,北京正成科技有限公司,企业,官网,http://cmsiveg.org/index.aspx,
,,,,北京智欣联创科技有限公司,企业,官网,http://cmsiveg.org/index.aspx,
,,,,北京中科致远科技责任有限公司,企业,官网,http://cmsiveg.org/index.aspx,
,,,,北京中商汇才教育管理咨询有限公司,企业,官网,http://cmsiveg.org/index.aspx,
,,,,北京卓途教育科技发展有限公司,企业,官网,http://cmsiveg.org/index.aspx,
,,,,彼威达管理咨询（北京）有限公司,企业,官网,http://cmsiveg.org/index.aspx,
,,,,毕节职业技术学院,院校,官网,http://cmsiveg.org/index.aspx,
,,,,常州机电职业技术学院,院校,官网,http://cmsiveg.org/index.aspx,
,,,,成都市均衡营养保健技能培训学校,企业,官网,http://cmsiveg.org/index.aspx,
,,,,成都市轻语职业技能培训学院,企业,官网,http://cmsiveg.org/index.aspx,
,,,,滁州职业技术学院,院校,官网,http://cmsiveg.org/index.aspx,
,,,,达州市达川区银河职业技术学院,院校,官网,http://cmsiveg.org/index.aspx,
,,,,大连市现代服务职业教育集团,职教集团,官网,http://cmsiveg.org/index.aspx,
,,,,德州职业技术学院,院校,官网,http://cmsiveg.org/index.aspx,
,,,,东营市东营区职业中等专业学校,院校,官网,http://cmsiveg.org/index.aspx,
,,,,敦煌网,企业,官网,http://cmsiveg.org/index.aspx,
,,,,方圆标志认证集团有限公司,企业,官网,http://cmsiveg.org/index.aspx,
,,,,佛山职业技术学院,院校,官网,http://cmsiveg.org/index.aspx,
,,,,福州墨尔本理工职业学院,院校,官网,http://cmsiveg.org/index.aspx,
,,,,甘肃钢铁职业技术学院,院校,官网,http://cmsiveg.org/index.aspx,
,,,,赣南师范大学,院校,官网,http://cmsiveg.org/index.aspx,
,,,,广东工贸职业技术学院,院校,官网,http://cmsiveg.org/index.aspx,
,,,,广东科贸职业学院,院校,官网,http://cmsiveg.org/index.aspx,
,,,,广东科学技术职业学院,院校,官网,http://cmsiveg.org/index.aspx,
,,,,广东农工商职业技术学院,院校,官网,http://cmsiveg.org/index.aspx,
,,,,广东轻工职业技术学院,院校,官网,http://cmsiveg.org/index.aspx,
,,,,广东生态工程职业学院,院校,官网,http://cmsiveg.org/index.aspx,
,,,,广东省时尚服装研究院,科研机构,官网,http://cmsiveg.org/index.aspx,
,,,,广东省湛江财贸中等专业学校,院校,官网,http://cmsiveg.org/index.aspx,
,,,,广东邮电职业技术学院,院校,官网,http://cmsiveg.org/index.aspx,
,,,,广西工商职业技术学院,院校,官网,http://cmsiveg.org/index.aspx,
,,,,广西经贸职业技术学院,院校,官网,http://cmsiveg.org/index.aspx,
,,,,广西科技职业学院,院校,官网,http://cmsiveg.org/index.aspx,
,,,,广西软实力文化传播有限公司,企业,官网,http://cmsiveg.org/index.aspx,
,,,,广西商业学校,院校,官网,http://cmsiveg.org/index.aspx,
,,,,广西职业技术学院,院校,官网,http://cmsiveg.org/index.aspx,
,,,,广州大学华软软件学院,院校,官网,http://cmsiveg.org/index.aspx,
,,,,广州科技贸易职业学院,院校,官网,http://cmsiveg.org/index.aspx,
,,,,广州三易品牌管理咨询有限公司,企业,官网,http://cmsiveg.org/index.aspx,
,,,,贵州省毕节市同创职业培训学校有限责任公司,企业,官网,http://cmsiveg.org/index.aspx,
,,,,贵州盛华职业学院,院校,官网,http://cmsiveg.org/index.aspx,
,,,,桂林旅游学院,院校,官网,http://cmsiveg.org/index.aspx,
,,,,哈尔滨商业大学,院校,官网,http://cmsiveg.org/index.aspx,
,,,,海南蔚之蓝文化传播有限公司,企业,官网,http://cmsiveg.org/index.aspx,
,,,,杭州哲达教育咨询有限公司,企业,官网,http://cmsiveg.org/index.aspx,
,,,,合肥财经职业学院,院校,官网,http://cmsiveg.org/index.aspx,
,,,,河北建材职业技术学院,院校,官网,http://cmsiveg.org/index.aspx,
,,,,河北女子职业技术学院,院校,官网,http://cmsiveg.org/index.aspx,
,,,,河北政法职业学院,院校,官网,http://cmsiveg.org/index.aspx,
,,,,黑龙江煤炭职业技术学院,院校,官网,http://cmsiveg.org/index.aspx,
,,,,黑龙江能源职业学院,院校,官网,http://cmsiveg.org/index.aspx,
,,,,黑龙江农业经济职业学院,院校,官网,http://cmsiveg.org/index.aspx,
,,,,黑龙江信息技术职业学院,院校,官网,http://cmsiveg.org/index.aspx,
,,,,湖北交通职业技术学院,院校,官网,http://cmsiveg.org/index.aspx,
,,,,湖北久协教育科技有限公司,企业,官网,http://cmsiveg.org/index.aspx,
,,,,湖南汽车工程职业学院,院校,官网,http://cmsiveg.org/index.aspx,
,,,,湖南商务职业技术学院,院校,官网,http://cmsiveg.org/index.aspx,
,,,,湖南现代物流职业技术学院,院校,官网,http://cmsiveg.org/index.aspx,
,,,,华鲁航空学院,院校,官网,http://cmsiveg.org/index.aspx,
,,,,华夏双创（北京）产业信息技术研究院有限公司,企业,官网,http://cmsiveg.org/index.aspx,
,,,,慧科教育科技集团有限公司,企业,官网,http://cmsiveg.org/index.aspx,
,,,,吉林财经学校,院校,官网,http://cmsiveg.org/index.aspx,
,,,,吉林电子信息职业技术学院,院校,官网,http://cmsiveg.org/index.aspx,
,,,,济南诚美信息咨询有限公司,企业,官网,http://cmsiveg.org/index.aspx,
,,,,济南工程职业技术学院,院校,官网,http://cmsiveg.org/index.aspx,
,,,,济南人力资本产业研究院,企业,官网,http://cmsiveg.org/index.aspx,
,,,,济南职业学院,院校,官网,http://cmsiveg.org/index.aspx,
,,,,江苏财会职业学院,院校,官网,http://cmsiveg.org/index.aspx,
,,,,江苏财经职业技术学院,院校,官网,http://cmsiveg.org/index.aspx,
,,,,江苏财经职业教育集团,职教集团,官网,http://cmsiveg.org/index.aspx,
,,,,江苏海事职业技术学院,院校,官网,http://cmsiveg.org/index.aspx,
,,,,江苏经贸职业技术学院,院校,官网,http://cmsiveg.org/index.aspx,
,,,,江苏农林职业技术学院,院校,官网,http://cmsiveg.org/index.aspx,
,,,,江苏农牧科技职业学院,院校,官网,http://cmsiveg.org/index.aspx,
,,,,江苏商贸职业教育集团,职教集团,官网,http://cmsiveg.org/index.aspx,
,,,,江苏商贸职业学院,院校,官网,http://cmsiveg.org/index.aspx,
,,,,江苏省丹阳中等专业学校,院校,官网,http://cmsiveg.org/index.aspx,
,,,,江苏省射阳中等专业学校,院校,官网,http://cmsiveg.org/index.aspx,
,,,,江苏省兴化中等专业学校,院校,官网,http://cmsiveg.org/index.aspx,
,,,,江苏食品药品职业技术学院,院校,官网,http://cmsiveg.org/index.aspx,
,,,,江苏现代服务业职业教育集团,职教集团,官网,http://cmsiveg.org/index.aspx,
,,,,江西工业职业技术学院,院校,官网,http://cmsiveg.org/index.aspx,
,,,,江西陶瓷工艺美术职业技术学院,院校,官网,http://cmsiveg.org/index.aspx,
,,,,京东物流集团,企业,官网,http://cmsiveg.org/index.aspx,
,,,,经济科学出版社,媒体,官网,http://cmsiveg.org/index.aspx,
,,,,酒泉职业技术学院,院校,官网,http://cmsiveg.org/index.aspx,
,,,,鄄城县职业中等专业学校,院校,官网,http://cmsiveg.org/index.aspx,
,,,,辽宁经济职业技术学院,院校,官网,http://cmsiveg.org/index.aspx,
,,,,辽宁农业职业技术学院,院校,官网,http://cmsiveg.org/index.aspx,
,,,,辽宁轻工职业学院,院校,官网,http://cmsiveg.org/index.aspx,
,,,,辽宁现代服务业职业教育集团,职教集团,官网,http://cmsiveg.org/index.aspx,
,,,,辽宁现代服务职业技术学院,院校,官网,http://cmsiveg.org/index.aspx,
,,,,柳州市第一职业技术学校,院校,官网,http://cmsiveg.org/index.aspx,
,,,,柳州市交通学校,院校,官网,http://cmsiveg.org/index.aspx,
,,,,泸州市胜蓝职业学校,院校,官网,http://cmsiveg.org/index.aspx,
,,,,洛阳科技职业学院,院校,官网,http://cmsiveg.org/index.aspx,
,,,,美国管理会计师协会中国教育分会,社会团体,官网,http://cmsiveg.org/index.aspx,
,,,,南京城市职业学院,院校,官网,http://cmsiveg.org/index.aspx,
,,,,南京江宁高等职业技术学校,院校,官网,http://cmsiveg.org/index.aspx,
,,,,南京金陵高等职业技术学校,院校,官网,http://cmsiveg.org/index.aspx,
,,,,南京科技职业学院,院校,官网,http://cmsiveg.org/index.aspx,
,,,,南京蓝天教育集团有限公司,企业,官网,http://cmsiveg.org/index.aspx,
,,,,南京商业学校,院校,官网,http://cmsiveg.org/index.aspx,
,,,,南京市莫愁中等专业学校,院校,官网,http://cmsiveg.org/index.aspx,
,,,,南京玄武中等专业学校,院校,官网,http://cmsiveg.org/index.aspx,
,,,,南京一银一幕影视传媒有限公司,企业,官网,http://cmsiveg.org/index.aspx,
,,,,南宁市东方睿智职业培训学校,企业,官网,http://cmsiveg.org/index.aspx,
,,,,宁波城市职业技术学院,院校,官网,http://cmsiveg.org/index.aspx,
,,,,宁波阶梯教育科技有限公司,企业,官网,http://cmsiveg.org/index.aspx,
,,,,宁波拓智企业管理服务有限公司,企业,官网,http://cmsiveg.org/index.aspx,
,,,,品牌研究,媒体,官网,http://cmsiveg.org/index.aspx,
,,,,黔东南民族职业技术学院,院校,官网,http://cmsiveg.org/index.aspx,
,,,,青海卫生职业技术学院,院校,官网,http://cmsiveg.org/index.aspx,
,,,,青田县职业技术学校,院校,官网,http://cmsiveg.org/index.aspx,
,,,,清华大学出版社有限公司,企业,官网,http://cmsiveg.org/index.aspx,
,,,,全球品牌研究智库联盟,科研机构,官网,http://cmsiveg.org/index.aspx,
,,,,日照职业技术学院,院校,官网,http://cmsiveg.org/index.aspx,
,,,,厦门市湖里区智源职业培训学校,院校,官网,http://cmsiveg.org/index.aspx,
,,,,厦门颜值立方信息科技有限公司,企业,官网,http://cmsiveg.org/index.aspx,
,,,,厦门铸远教育科技有限公司,企业,官网,http://cmsiveg.org/index.aspx,
,,,,山东畜牧兽医职业学院,院校,官网,http://cmsiveg.org/index.aspx,
,,,,山东电子职业技术学院,院校,官网,http://cmsiveg.org/index.aspx,
,,,,山东金元致信教育科技有限公司,企业,官网,http://cmsiveg.org/index.aspx,
,,,,山东经贸职业学院,院校,官网,http://cmsiveg.org/index.aspx,
,,,,山东科技职业学院,院校,官网,http://cmsiveg.org/index.aspx,
,,,,山东蓝海酒店集团,企业,官网,http://cmsiveg.org/index.aspx,
,,,,山东理工职业学院,院校,官网,http://cmsiveg.org/index.aspx,
,,,,山东商业职业技术学院,院校,官网,http://cmsiveg.org/index.aspx,
,,,,山东省畜牧职业教育集团,职教集团,官网,http://cmsiveg.org/index.aspx,
,,,,山东省济宁卫生学校,院校,官网,http://cmsiveg.org/index.aspx,
,,,,山东省现代服务业职业教育集团,职教集团,官网,http://cmsiveg.org/index.aspx,
,,,,山东省养老产业职业教育集团,职教集团,官网,http://cmsiveg.org/index.aspx,
,,,,山东外国语职业学院,院校,官网,http://cmsiveg.org/index.aspx,
,,,,山东协和学院,院校,官网,http://cmsiveg.org/index.aspx,
,,,,山东信息职业技术学院,院校,官网,http://cmsiveg.org/index.aspx,
,,,,山东英才学院,院校,官网,http://cmsiveg.org/index.aspx,
,,,,陕西工商职业学院,院校,官网,http://cmsiveg.org/index.aspx,
,,,,陕西国际商贸学院,院校,官网,http://cmsiveg.org/index.aspx,
,,,,陕西现代服务职业教育集团,职教集团,官网,http://cmsiveg.org/index.aspx,
,,,,陕西自贸区研究院,科研机构,官网,http://cmsiveg.org/index.aspx,
,,,,商业国际交流合作培训中心,事业单位,官网,http://cmsiveg.org/index.aspx,
,,,,上海慧泉管理顾问有限公司,企业,官网,http://cmsiveg.org/index.aspx,
,,,,上海敏学信息技术有限公司,企业,官网,http://cmsiveg.org/index.aspx,
,,,,上海名聚网络技术有限公司,企业,官网,http://cmsiveg.org/index.aspx,
,,,,上海市商贸旅游学校,院校,官网,http://cmsiveg.org/index.aspx,
,,,,上海思博职业技术学院,院校,官网,http://cmsiveg.org/index.aspx,
,,,,上海外国语大学贤达经济人文学院,院校,官网,http://cmsiveg.org/index.aspx,
,,,,深圳公共管理教育培训学院,企业,官网,http://cmsiveg.org/index.aspx,
,,,,深圳国泰安教育技术股份有限公司,企业,官网,http://cmsiveg.org/index.aspx,
,,,,深圳航天信息有限公司,企业,官网,http://cmsiveg.org/index.aspx,
,,,,深圳市鹏飞亚健康咨询服务中心,民非,官网,http://cmsiveg.org/index.aspx,
,,,,深圳市中孚恒升科技有限公司,企业,官网,http://cmsiveg.org/index.aspx,
,,,,沈阳城市学院,院校,官网,http://cmsiveg.org/index.aspx,
,,,,沈阳市助力生活职业技能培训学校,企业,官网,http://cmsiveg.org/index.aspx,
,,,,石家庄信息工程职业学院,院校,官网,http://cmsiveg.org/index.aspx,
,,,,四川财经职业学院,院校,官网,http://cmsiveg.org/index.aspx,
,,,,苏果超市有限公司,企业,官网,http://cmsiveg.org/index.aspx,
,,,,苏州工业园区服务外包职业学院,院校,官网,http://cmsiveg.org/index.aspx,
,,,,苏州经贸职业技术学院,院校,官网,http://cmsiveg.org/index.aspx,
,,,,天津艾诺利思教育信息咨询有限公司,企业,官网,http://cmsiveg.org/index.aspx,
,,,,天津美津会议服务有限公司,企业,官网,http://cmsiveg.org/index.aspx,
,,,,天津市职业大学,院校,官网,http://cmsiveg.org/index.aspx,
,,,,天津中道博雅企业管理顾问有限公司,企业,官网,http://cmsiveg.org/index.aspx,
,,,,潍坊工程职业学院,院校,官网,http://cmsiveg.org/index.aspx,
,,,,无锡商业职业技术学院,院校,官网,http://cmsiveg.org/index.aspx,
,,,,武汉船舶职业技术学院,院校,官网,http://cmsiveg.org/index.aspx,
,,,,武汉软件工程职业学院,院校,官网,http://cmsiveg.org/index.aspx,
,,,,武汉职业技术学院,院校,官网,http://cmsiveg.org/index.aspx,
,,,,西安翻译学院,院校,官网,http://cmsiveg.org/index.aspx,
,,,,西安外事学院,院校,官网,http://cmsiveg.org/index.aspx,
,,,,新道科技股份有限公司,企业,官网,http://cmsiveg.org/index.aspx,
,,,,新疆应用职业技术学院,院校,官网,http://cmsiveg.org/index.aspx,
,,,,沿河土家族自治县博业职业培训学校,企业,官网,http://cmsiveg.org/index.aspx,
,,,,应天职业技术学院,院校,官网,http://cmsiveg.org/index.aspx,
,,,,云南坤尚科技有限公司,企业,官网,http://cmsiveg.org/index.aspx,
,,,,枣庄科技职业学院,院校,官网,http://cmsiveg.org/index.aspx,
,,,,张掖市甘州区雪绒花职业培训学校,企业,官网,http://cmsiveg.org/index.aspx,
,,,,长春国际经济贸易职业学校,院校,官网,http://cmsiveg.org/index.aspx,
,,,,长春职业技术学院,院校,官网,http://cmsiveg.org/index.aspx,
,,,,长江职业学院,院校,官网,http://cmsiveg.org/index.aspx,
,,,,长垣烹饪职业技术学院,院校,官网,http://cmsiveg.org/index.aspx,
,,,,浙江金融职业学院,院校,官网,http://cmsiveg.org/index.aspx,
,,,,浙江精创教育科技有限公司,企业,官网,http://cmsiveg.org/index.aspx,
,,,,浙江商业职业技术学院,院校,官网,http://cmsiveg.org/index.aspx,
,,,,浙江商业职业教育集团,职教集团,官网,http://cmsiveg.org/index.aspx,
,,,,职业经理研究中心,事业单位,官网,http://cmsiveg.org/index.aspx,
,,,,致理科技大学,院校,官网,http://cmsiveg.org/index.aspx,
,,,,中国标准化协会,社会团体,官网,http://cmsiveg.org/index.aspx,
,,,,中国仓储与配送协会,社会团体,官网,http://cmsiveg.org/index.aspx,
,,,,中国饭店协会,社会团体,官网,http://cmsiveg.org/index.aspx,
,,,,中国国际贸易促进委员会商业行业委员会,事业单位,官网,http://cmsiveg.org/index.aspx,
,,,,中国国际贸易促进委员会苏州市委员会,事业单位,官网,http://cmsiveg.org/index.aspx,
,,,,中国国际商会商业行业商会,社会团体,官网,http://cmsiveg.org/index.aspx,
,,,,中国会展经济研究会,社会团体,官网,http://cmsiveg.org/index.aspx,
,,,,中国流通行业管理与思想政治工作研究会,社会团体,官网,http://cmsiveg.org/index.aspx,
,,,,中国肉类协会,社会团体,官网,http://cmsiveg.org/index.aspx,
,,,,中国商贸杂志社,媒体,官网,http://cmsiveg.org/index.aspx,
,,,,中国商务出版社,企业,官网,http://cmsiveg.org/index.aspx,
,,,,中国商业会计学会,社会团体,官网,http://cmsiveg.org/index.aspx,
,,,,中国商业统计学会,社会团体,官网,http://cmsiveg.org/index.aspx,
,,,,中国商业文化研究会,社会团体,官网,http://cmsiveg.org/index.aspx,
,,,,中科智库物联网技术研究院,企业,官网,http://cmsiveg.org/index.aspx,
,,,,中山职业技术学院,院校,官网,http://cmsiveg.org/index.aspx,
,,,,重庆商务职业学院,院校,官网,http://cmsiveg.org/index.aspx,
,,,,自贡职业技术学校,院校,官网,http://cmsiveg.org/index.aspx,
,,,,7-11天津公司,企业,官网,http://cmsiveg.org/index.aspx,
,,,,北京奥派公司,企业,官网,http://cmsiveg.org/index.aspx,
,,,,北京百果园公司,企业,官网,http://cmsiveg.org/index.aspx,
,,,,北京环球网校,企业,官网,http://cmsiveg.org/index.aspx,
,,,,北京镭嘉商务服务有限公司,企业,官网,http://cmsiveg.org/index.aspx,
,,,,北京商鲲教育集团,企业,官网,http://cmsiveg.org/index.aspx,
,,,,博洛尼家具（北京）公司,企业,官网,http://cmsiveg.org/index.aspx,
,,,,渤海人力资源公司,企业,官网,http://cmsiveg.org/index.aspx,
,,,,诚通人力天津公司,企业,官网,http://cmsiveg.org/index.aspx,
,,,,高顿财务集团,企业,官网,http://cmsiveg.org/index.aspx,
,,,,浩物机电,企业,官网,http://cmsiveg.org/index.aspx,
,,,,河北故城瑞诚人才公司,企业,官网,http://cmsiveg.org/index.aspx,
,,,,华润集团ole,企业,官网,http://cmsiveg.org/index.aspx,
,,,,慧聪网天津公司,企业,官网,http://cmsiveg.org/index.aspx,
,,,,津轻人才有限公司,企业,官网,http://cmsiveg.org/index.aspx,
,,,,京东（北京）科技公司,企业,官网,http://cmsiveg.org/index.aspx,
,,,,林肯留学,企业,官网,http://cmsiveg.org/index.aspx,
,,,,梅江会展中心,企业,官网,http://cmsiveg.org/index.aspx,
,,,,南开大学接待服务中心,企业,官网,http://cmsiveg.org/index.aspx,
,,,,全国会展业产学合作联盟,企业,官网,http://cmsiveg.org/index.aspx,
,,,,瑞龙科技公司,企业,官网,http://cmsiveg.org/index.aspx,
,,,,斯普林恩投资公司,企业,官网,http://cmsiveg.org/index.aspx,
,,,,唐拉雅秀人力资源总监,企业,官网,http://cmsiveg.org/index.aspx,
,,,,天辰物流公司,企业,官网,http://cmsiveg.org/index.aspx,
,,,,天津傲翔航空科技咨询有限公司,企业,官网,http://cmsiveg.org/index.aspx,
,,,,天津百练会计公司,企业,官网,http://cmsiveg.org/index.aspx,
,,,,天津宝成集团,企业,官网,http://cmsiveg.org/index.aspx,
,,,,天津滨海金地投资公司,企业,官网,http://cmsiveg.org/index.aspx,
,,,,天津滨海人才,企业,官网,http://cmsiveg.org/index.aspx,
,,,,天津博维教育咨询公司,企业,官网,http://cmsiveg.org/index.aspx,
,,,,天津常战胜文化传播有限公司,企业,官网,http://cmsiveg.org/index.aspx,
,,,,天津崇德企业管理公司,企业,官网,http://cmsiveg.org/index.aspx,
,,,,天津大云电子商务有限公司,企业,官网,http://cmsiveg.org/index.aspx,
,,,,天津电子商务协会,企业,官网,http://cmsiveg.org/index.aspx,
,,,,天津方正国旅,企业,官网,http://cmsiveg.org/index.aspx,
,,,,天津光华教育公司,企业,官网,http://cmsiveg.org/index.aspx,
,,,,天津国能瀚威天然气投资有限公司,企业,官网,http://cmsiveg.org/index.aspx,
,,,,天津国腾创展商贸公司,企业,官网,http://cmsiveg.org/index.aspx,
,,,,天津海实伟业公司,企业,官网,http://cmsiveg.org/index.aspx,
,,,,天津好利来公司,企业,官网,http://cmsiveg.org/index.aspx,
,,,,天津恒佳企业管理服务公司,企业,官网,http://cmsiveg.org/index.aspx,
,,,,天津华住公司,企业,官网,http://cmsiveg.org/index.aspx,
,,,,天津欢乐谷,企业,官网,http://cmsiveg.org/index.aspx,
,,,,天津嘉里粮油集团,企业,官网,http://cmsiveg.org/index.aspx,
,,,,天津嘉信国旅,企业,官网,http://cmsiveg.org/index.aspx,
,,,,天津金沃斯教育公司,企业,官网,http://cmsiveg.org/index.aspx,
,,,,天津瑾信教育公司,企业,官网,http://cmsiveg.org/index.aspx,
,,,,天津科技投资公司,企业,官网,http://cmsiveg.org/index.aspx,
,,,,天津利民调料公司,企业,官网,http://cmsiveg.org/index.aspx,
,,,,天津利源精典环境工程有限公司,企业,官网,http://cmsiveg.org/index.aspx,
,,,,天津链家公司,企业,官网,http://cmsiveg.org/index.aspx,
,,,,天津猎聘网,企业,官网,http://cmsiveg.org/index.aspx,
,,,,天津旅游百事通公司,企业,官网,http://cmsiveg.org/index.aspx,
,,,,天津平安保险公司,企业,官网,http://cmsiveg.org/index.aspx,
,,,,天津巧美滋公司,企业,官网,http://cmsiveg.org/index.aspx,
,,,,天津庆应教育公司,企业,官网,http://cmsiveg.org/index.aspx,
,,,,天津瑞友教育科技公司,企业,官网,http://cmsiveg.org/index.aspx,
,,,,天津睿英教育咨询公司,企业,官网,http://cmsiveg.org/index.aspx,
,,,,天津胜景旅游公司,企业,官网,http://cmsiveg.org/index.aspx,
,,,,天津市饭店业协会,社会团体,官网,http://cmsiveg.org/index.aspx,
,,,,天津市文韬广告有限公司,企业,官网,http://cmsiveg.org/index.aspx,
,,,,天津涛涛国际贸易公司,企业,官网,http://cmsiveg.org/index.aspx,
,,,,天津卫鼎轩公司,企业,官网,http://cmsiveg.org/index.aspx,
,,,,天津鑫方盛五金交电公司,企业,官网,http://cmsiveg.org/index.aspx,
,,,,天津一汽夏利公司,企业,官网,http://cmsiveg.org/index.aspx,
,,,,天津永辉超市公司,企业,官网,http://cmsiveg.org/index.aspx,
,,,,天津优品生活有限公司,企业,官网,http://cmsiveg.org/index.aspx,
,,,,天津钰慧星辰科技有限公司,企业,官网,http://cmsiveg.org/index.aspx,
,,,,天津越美文化公司,企业,官网,http://cmsiveg.org/index.aspx,
,,,,天津智慧树公司,企业,官网,http://cmsiveg.org/index.aspx,
,,,,天津中富国旅,企业,官网,http://cmsiveg.org/index.aspx,
,,,,天津中天教育科技公司,企业,官网,http://cmsiveg.org/index.aspx,
,,,,天津中智商科技公司,企业,官网,http://cmsiveg.org/index.aspx,
,,,,万丽天津宾馆,企业,官网,http://cmsiveg.org/index.aspx,
,,,,中纽国际教育公司,企业,官网,http://cmsiveg.org/index.aspx,
,,,,中石化管道储运公司,企业,官网,http://cmsiveg.org/index.aspx,
,,,,中天睿智（天津）教育科技有限公司,企业,官网,http://cmsiveg.org/index.aspx,
,,,,中铁互联,企业,官网,http://cmsiveg.org/index.aspx,
,,,,北京华夏基石人力资源管理服务有限公司济南分公司,企业,官网,http://cmsiveg.org/index.aspx,
,,,,北京全聘致远科技有限公司,企业,官网,http://cmsiveg.org/index.aspx,
,,,,北京问学教育咨询有限责任公司,企业,官网,http://cmsiveg.org/index.aspx,
,,,,核电（山东）人力资源服务有限责任公司,企业,官网,http://cmsiveg.org/index.aspx,
,,,,济南博赛网络技术有限公司,企业,官网,http://cmsiveg.org/index.aspx,
,,,,济南高层次人才发展促进会,企业,官网,http://cmsiveg.org/index.aspx,
,,,,济南和光新能源投资合伙企业（有限合伙）,企业,官网,http://cmsiveg.org/index.aspx,
,,,,济南恒泰企业管理咨询有限公司,企业,官网,http://cmsiveg.org/index.aspx,
,,,,济南玖悦投资有限公司,企业,官网,http://cmsiveg.org/index.aspx,
,,,,济南泉链海沃数字科技有限公司,企业,官网,http://cmsiveg.org/index.aspx,
,,,,济南人力资本产业开发有限公司,企业,官网,http://cmsiveg.org/index.aspx,
,,,,济南三立企业管理咨询有限公司,企业,官网,http://cmsiveg.org/index.aspx,
,,,,济南胜悦投资管理有限公司,企业,官网,http://cmsiveg.org/index.aspx,
,,,,金兴教育科技（山东）集团有限公司,企业,官网,http://cmsiveg.org/index.aspx,
,,,,楷行天下（济南）教育咨询有限公司,企业,官网,http://cmsiveg.org/index.aspx,
,,,,人才有价（山东）有限公司,企业,官网,http://cmsiveg.org/index.aspx,
,,,,山东八月瓜大数据服务有限公司,企业,官网,http://cmsiveg.org/index.aspx,
,,,,山东百库教育,企业,官网,http://cmsiveg.org/index.aspx,
,,,,山东博冉企业管理咨询有限公司,企业,官网,http://cmsiveg.org/index.aspx,
,,,,山东博赛人力资本管理有限公司,企业,官网,http://cmsiveg.org/index.aspx,
,,,,山东博杏霖健康咨询服务公司,企业,官网,http://cmsiveg.org/index.aspx,
,,,,山东富翔源财税咨询集团有限公司,企业,官网,http://cmsiveg.org/index.aspx,
,,,,山东韩都动力电子商务有限公司,企业,官网,http://cmsiveg.org/index.aspx,
,,,,山东合聘信息技术有限公司,企业,官网,http://cmsiveg.org/index.aspx,
,,,,山东菏铁商业保理有限公司,企业,官网,http://cmsiveg.org/index.aspx,
,,,,山东军科教育科技有限公司,企业,官网,http://cmsiveg.org/index.aspx,
,,,,山东课后教育科技有限公司,企业,官网,http://cmsiveg.org/index.aspx,
,,,,山东桥海教育科技集团有限公司,企业,官网,http://cmsiveg.org/index.aspx,
,,,,山东青年政治学院,院校,官网,http://cmsiveg.org/index.aspx,
,,,,山东三生医药有限公司,企业,官网,http://cmsiveg.org/index.aspx,
,,,,山东闪亮教育科技集团有限公司,企业,官网,http://cmsiveg.org/index.aspx,
,,,,山东上扬教育咨询有限公司,企业,官网,http://cmsiveg.org/index.aspx,
,,,,山东省和君恒成管理咨询有限公司,企业,官网,http://cmsiveg.org/index.aspx,
,,,,山东省济南市高新公证处,企业,官网,http://cmsiveg.org/index.aspx,
,,,,山东省菁英信誉投资管理有限公司,企业,官网,http://cmsiveg.org/index.aspx,
,,,,山东省人才在线有限公司,企业,官网,http://cmsiveg.org/index.aspx,
,,,,山东桃智商业管理有限公司,企业,官网,http://cmsiveg.org/index.aspx,
,,,,山东调怡下健康科技有限公司,企业,官网,http://cmsiveg.org/index.aspx,
,,,,山东问学教育咨询有限公司,企业,官网,http://cmsiveg.org/index.aspx,
,,,,山东新愚公大数据科技有限公司,企业,官网,http://cmsiveg.org/index.aspx,
,,,,山东一站式企业服务有限公司,企业,官网,http://cmsiveg.org/index.aspx,
,,,,山东誉方健康咨询有限公司,企业,官网,http://cmsiveg.org/index.aspx,
,,,,山东原雅教育信息咨询有限公司,企业,官网,http://cmsiveg.org/index.aspx,
,,,,山东正立创业服务有限公司,企业,官网,http://cmsiveg.org/index.aspx,
,,,,山东致公法律服务有限公司,企业,官网,http://cmsiveg.org/index.aspx,
,,,,神州顶联科技有限公司,企业,官网,http://cmsiveg.org/index.aspx,
,,,,政商教育发展（山东）集团有限公司,企业,官网,http://cmsiveg.org/index.aspx,
,,,,中科云数字新媒体（山东）有限公司,企业,官网,http://cmsiveg.org/index.aspx,
,,,,中唐产业技术研究院（山东）有限公司,企业,官网,http://cmsiveg.org/index.aspx,
,,,,安康德隆公司,企业,官网,http://cmsiveg.org/index.aspx,
,,,,安康职业技术学院,院校,官网,http://cmsiveg.org/index.aspx,
,,,,宝鸡职业技术学院,院校,官网,http://cmsiveg.org/index.aspx,
,,,,北京奥鹏远程教育中心有限公司,企业,官网,http://cmsiveg.org/index.aspx,
,,,,比亚迪汽车有限公司,企业,官网,http://cmsiveg.org/index.aspx,
,,,,彬州市职业教育中心,事业单位,官网,http://cmsiveg.org/index.aspx,
,,,,昌吉职业技术学院,院校,官网,http://cmsiveg.org/index.aspx,
,,,,甘肃财贸职业学院,院校,官网,http://cmsiveg.org/index.aspx,
,,,,甘肃金味餐饮有限公司,企业,官网,http://cmsiveg.org/index.aspx,
,,,,甘肃林业职业技术学院,院校,官网,http://cmsiveg.org/index.aspx,
,,,,甘肃农业职业技术学院,院校,官网,http://cmsiveg.org/index.aspx,
,,,,广东粤境高速公路集团,企业,官网,http://cmsiveg.org/index.aspx,
,,,,海程邦达国际物流有限公司,企业,官网,http://cmsiveg.org/index.aspx,
,,,,汉中职业技术学院,院校,官网,http://cmsiveg.org/index.aspx,
,,,,河南中财嘉业集团,企业,官网,http://cmsiveg.org/index.aspx,
,,,,京东物流西北区域分公司,企业,官网,http://cmsiveg.org/index.aspx,
,,,,兰州龙企盟信息技术咨询服务有限责任公司,企业,官网,http://cmsiveg.org/index.aspx,
,,,,兰州石化职业技术学院,院校,官网,http://cmsiveg.org/index.aspx,
,,,,兰州现代职业技术学院,院校,官网,http://cmsiveg.org/index.aspx,
,,,,兰州职业技术学院,院校,官网,http://cmsiveg.org/index.aspx,
,,,,兰州资源环境职业技术学院,院校,官网,http://cmsiveg.org/index.aspx,
,,,,宁夏财经职业技术学院,院校,官网,http://cmsiveg.org/index.aspx,
,,,,宁夏民族职业技术学院,院校,官网,http://cmsiveg.org/index.aspx,
,,,,宁夏职业技术学院,院校,官网,http://cmsiveg.org/index.aspx,
,,,,青海柴达木职业技术学院,院校,官网,http://cmsiveg.org/index.aspx,
,,,,青海建筑职业技术学院,院校,官网,http://cmsiveg.org/index.aspx,
,,,,曲江芙蓉阁酒店,企业,官网,http://cmsiveg.org/index.aspx,
,,,,厦门网中网软件有限公司,企业,官网,http://cmsiveg.org/index.aspx,
,,,,陕西财经职业技术学院,院校,官网,http://cmsiveg.org/index.aspx,
,,,,陕西诚悦物业管理有限责任公司,企业,官网,http://cmsiveg.org/index.aspx,
,,,,陕西工业职业技术学院,院校,官网,http://cmsiveg.org/index.aspx,
,,,,陕西国防工业职业技术学院,院校,官网,http://cmsiveg.org/index.aspx,
,,,,陕西海外旅游有限责任公司,企业,官网,http://cmsiveg.org/index.aspx,
,,,,陕西华荣万盛食品有限公司,企业,官网,http://cmsiveg.org/index.aspx,
,,,,陕西华润万家生活超市有限公司,企业,官网,http://cmsiveg.org/index.aspx,
,,,,陕西机电职业技术学院,院校,官网,http://cmsiveg.org/index.aspx,
,,,,陕西交通职业技术学院,院校,官网,http://cmsiveg.org/index.aspx,
,,,,陕西境商集团,企业,官网,http://cmsiveg.org/index.aspx,
,,,,陕西爵乐府酒店管理有限公司,企业,官网,http://cmsiveg.org/index.aspx,
,,,,陕西能源职业技术学院,院校,官网,http://cmsiveg.org/index.aspx,
,,,,陕西曲江国际饭店有限公司,企业,官网,http://cmsiveg.org/index.aspx,
,,,,陕西赛彼得人力资源管理有限公司,企业,官网,http://cmsiveg.org/index.aspx,
,,,,陕西省第二商贸学校,院校,官网,http://cmsiveg.org/index.aspx,
,,,,陕西省电子信息学校,院校,官网,http://cmsiveg.org/index.aspx,
,,,,陕西省建筑材料工业学校,院校,官网,http://cmsiveg.org/index.aspx,
,,,,陕西省建筑职工大学,院校,官网,http://cmsiveg.org/index.aspx,
,,,,陕西省米脂职教中心,事业单位,官网,http://cmsiveg.org/index.aspx,
,,,,陕西省商贸学校,院校,官网,http://cmsiveg.org/index.aspx,
,,,,陕西省商业学校,院校,官网,http://cmsiveg.org/index.aspx,
,,,,陕西省镇安职教中心,事业单位,官网,http://cmsiveg.org/index.aspx,
,,,,陕西苏宁易购销售有限公司,企业,官网,http://cmsiveg.org/index.aspx,
,,,,陕西铁路工程职业技术学院,院校,官网,http://cmsiveg.org/index.aspx,
,,,,陕西万隆金剑工程管理咨询有限公司,企业,官网,http://cmsiveg.org/index.aspx,
,,,,陕西艺术职业学院,院校,官网,http://cmsiveg.org/index.aspx,
,,,,陕西易通人力资源开发有限责任公司,企业,官网,http://cmsiveg.org/index.aspx,
,,,,陕西银雁金融外包服务有限公司,企业,官网,http://cmsiveg.org/index.aspx,
,,,,陕西映秦文化传媒有限公司,企业,官网,http://cmsiveg.org/index.aspx,
,,,,陕西邮电职业技术学院,院校,官网,http://cmsiveg.org/index.aspx,
,,,,陕西职业技术学院,院校,官网,http://cmsiveg.org/index.aspx,
,,,,陕西众森网络科技有限公司,企业,官网,http://cmsiveg.org/index.aspx,
,,,,陕西自强中等专业学校,院校,官网,http://cmsiveg.org/index.aspx,
,,,,商洛国际医学中心医院,企业,官网,http://cmsiveg.org/index.aspx,
,,,,商洛职业技术学院,院校,官网,http://cmsiveg.org/index.aspx,
,,,,上海电气自动化研究所,企业,官网,http://cmsiveg.org/index.aspx,
,,,,上海外服（陕西）人力资源服务有限公司,企业,官网,http://cmsiveg.org/index.aspx,
,,,,天津滨海迅腾科技集团有限公司,企业,官网,http://cmsiveg.org/index.aspx,
,,,,铜川职业技术学院,院校,官网,http://cmsiveg.org/index.aspx,
,,,,渭南职业技术学院,院校,官网,http://cmsiveg.org/index.aspx,
,,,,乌鲁木齐职业大学,院校,官网,http://cmsiveg.org/index.aspx,
,,,,西安北方汽车技工学校,企业,官网,http://cmsiveg.org/index.aspx,
,,,,西安诚捷财务咨询有限公司,企业,官网,http://cmsiveg.org/index.aspx,
,,,,西安城市建设职业学院,院校,官网,http://cmsiveg.org/index.aspx,
,,,,西安创业物业发展有限公司,企业,官网,http://cmsiveg.org/index.aspx,
,,,,西安大唐西市酒店,企业,官网,http://cmsiveg.org/index.aspx,
,,,,西安大天瑞斯丽酒店,企业,官网,http://cmsiveg.org/index.aspx,
,,,,西安大雁塔假日酒店,企业,官网,http://cmsiveg.org/index.aspx,
,,,,西安海汇万家实业有限责任公司,企业,官网,http://cmsiveg.org/index.aspx,
,,,,西安航空职业技术学院,院校,官网,http://cmsiveg.org/index.aspx,
,,,,西安豪享来温德姆至尊酒店,企业,官网,http://cmsiveg.org/index.aspx,
,,,,西安昊威体育用品有限公司,企业,官网,http://cmsiveg.org/index.aspx,
,,,,西安华航唯实机器人科技有限公司,企业,官网,http://cmsiveg.org/index.aspx,
,,,,西安华荣魏家便利连锁有限公司,企业,官网,http://cmsiveg.org/index.aspx,
,,,,西安吉利汽车有限公司,企业,官网,http://cmsiveg.org/index.aspx,
,,,,西安金拱门食品有限公司,企业,官网,http://cmsiveg.org/index.aspx,
,,,,西安君唐教育科技有限公司,企业,官网,http://cmsiveg.org/index.aspx,
,,,,西安链家宝业房地产经纪有限公司,企业,官网,http://cmsiveg.org/index.aspx,
,,,,西安绿地酒店管理有限公司,企业,官网,http://cmsiveg.org/index.aspx,
,,,,西安米旗食品有限公司,企业,官网,http://cmsiveg.org/index.aspx,
,,,,西安盛美利亚酒店,企业,官网,http://cmsiveg.org/index.aspx,
,,,,西安世联投资咨询有限公司,企业,官网,http://cmsiveg.org/index.aspx,
,,,,西安市高陵区康宁老年公寓,事业单位,官网,http://cmsiveg.org/index.aspx,
,,,,西安市人人乐超市有限公司,企业,官网,http://cmsiveg.org/index.aspx,
,,,,西安市雁塔区小寨路街道红专路社区,企业,官网,http://cmsiveg.org/index.aspx,
,,,,西安思备居安企业管理有限公司,企业,官网,http://cmsiveg.org/index.aspx,
,,,,西安天朗物业管理有限公司,企业,官网,http://cmsiveg.org/index.aspx,
,,,,西安天天好利来食品有限公司,企业,官网,http://cmsiveg.org/index.aspx,
,,,,西安天域凯莱大饭店,企业,官网,http://cmsiveg.org/index.aspx,
,,,,西安铁路职业技术学院,院校,官网,http://cmsiveg.org/index.aspx,
,,,,西安医科高等专科学校,院校,官网,http://cmsiveg.org/index.aspx,
,,,,西安职业技术学院,院校,官网,http://cmsiveg.org/index.aspx,
,,,,西安中城卫安全防范有限公司,企业,官网,http://cmsiveg.org/index.aspx,
,,,,西安紫薇物业管理有限公司,企业,官网,http://cmsiveg.org/index.aspx,
,,,,西北工业学校,院校,官网,http://cmsiveg.org/index.aspx,
,,,,西宁城市职业技术学院,院校,官网,http://cmsiveg.org/index.aspx,
,,,,咸阳职业技术学院,院校,官网,http://cmsiveg.org/index.aspx,
,,,,新疆农业技术职业学院,院校,官网,http://cmsiveg.org/index.aspx,
,,,,新疆商业人才培训服务中心,企业,官网,http://cmsiveg.org/index.aspx,
,,,,延安职业技术学院,院校,官网,http://cmsiveg.org/index.aspx,
,,,,杨凌职业技术学院,院校,官网,http://cmsiveg.org/index.aspx,
,,,,伊犁职业技术学院,院校,官网,http://cmsiveg.org/index.aspx,
,,,,榆林职业技术学院,院校,官网,http://cmsiveg.org/index.aspx,
,,,,知含国际工程咨询有限公司,企业,官网,http://cmsiveg.org/index.aspx,
,,,,中国大地财产保险股份有限公司西安东开发区支公司,企业,官网,http://cmsiveg.org/index.aspx,
,,,,中华财险华北(西安)电销中心,企业,官网,http://cmsiveg.org/index.aspx,
,,,,中铁建物业管理有限公司西安分公司,企业,官网,http://cmsiveg.org/index.aspx,
,,,,中咨工程建设监理有限公司西安分公司,企业,官网,http://cmsiveg.org/index.aspx,
,,,,阿里巴巴宁波分公司,企业,官网,http://cmsiveg.org/index.aspx,
,,,,慈溪杭州湾酒店集团,企业,官网,http://cmsiveg.org/index.aspx,
,,,,慈溪市杭州湾职业高级中学,院校,官网,http://cmsiveg.org/index.aspx,
,,,,慈溪职业高级中学,院校,官网,http://cmsiveg.org/index.aspx,
,,,,奉化市职业教育中心,企业,官网,http://cmsiveg.org/index.aspx,
,,,,公牛集团有限公司,企业,官网,http://cmsiveg.org/index.aspx,
,,,,广博控股集团有限公司,企业,官网,http://cmsiveg.org/index.aspx,
,,,,广汇汽车股份有限公司,企业,官网,http://cmsiveg.org/index.aspx,
,,,,海宁市职业高级中学,院校,官网,http://cmsiveg.org/index.aspx,
,,,,杭州市富阳区职业教育中心,院校,官网,http://cmsiveg.org/index.aspx,
,,,,杭州市萧山区第二中等职业学校,院校,官网,http://cmsiveg.org/index.aspx,
,,,,杭州市萧山区第四中等职业学校,院校,官网,http://cmsiveg.org/index.aspx,
,,,,虹越花卉股份有限公司,企业,官网,http://cmsiveg.org/index.aspx,
,,,,汇绿园林建设发展有限公司,企业,官网,http://cmsiveg.org/index.aspx,
,,,,金华市第一中等职业学校,院校,官网,http://cmsiveg.org/index.aspx,
,,,,金华职业技术学院,院校,官网,http://cmsiveg.org/index.aspx,
,,,,锦堂高级职业中学,院校,官网,http://cmsiveg.org/index.aspx,
,,,,丽水职业技术学院,院校,官网,http://cmsiveg.org/index.aspx,
,,,,罗蒙集团股份有限公司,企业,官网,http://cmsiveg.org/index.aspx,
,,,,漫步宁波文化创意有限公司,企业,官网,http://cmsiveg.org/index.aspx,
,,,,宁波(国际)电子商务产业园,企业,官网,http://cmsiveg.org/index.aspx,
,,,,宁波艾斐堡箱柜制造有限公司,企业,官网,http://cmsiveg.org/index.aspx,
,,,,宁波薄利聚汽车销售服务有限公司,企业,官网,http://cmsiveg.org/index.aspx,
,,,,宁波北仑职业高级中学,院校,官网,http://cmsiveg.org/index.aspx,
,,,,宁波博洋服饰集团有限公司,企业,官网,http://cmsiveg.org/index.aspx,
,,,,宁波慈星股份有限公司,企业,官网,http://cmsiveg.org/index.aspx,
,,,,宁波大学科学技术学院,院校,官网,http://cmsiveg.org/index.aspx,
,,,,宁波电子行业协会,社会团体,官网,http://cmsiveg.org/index.aspx,
,,,,宁波东钱湖旅游学校,院校,官网,http://cmsiveg.org/index.aspx,
,,,,宁波高盛展览有限公司,企业,官网,http://cmsiveg.org/index.aspx,
,,,,宁波高新区杰米克服饰有限公司,企业,官网,http://cmsiveg.org/index.aspx,
,,,,宁波工程学院,院校,官网,http://cmsiveg.org/index.aspx,
,,,,宁波国际贸易投资有限公司展览分公司,企业,官网,http://cmsiveg.org/index.aspx,
,,,,宁波华博展览有限公司,企业,官网,http://cmsiveg.org/index.aspx,
,,,,宁波华和服装有限公司,企业,官网,http://cmsiveg.org/index.aspx,
,,,,宁波华侨豪生大酒店,企业,官网,http://cmsiveg.org/index.aspx,
,,,,宁波华数广电网络有限公司,企业,官网,http://cmsiveg.org/index.aspx,
,,,,宁波惠众财务服务有限公司,企业,官网,http://cmsiveg.org/index.aspx,
,,,,宁波简达国际货运代理股份有限公司,企业,官网,http://cmsiveg.org/index.aspx,
,,,,宁波建工工程集团有限公司,企业,官网,http://cmsiveg.org/index.aspx,
,,,,宁波建设工程学校,院校,官网,http://cmsiveg.org/index.aspx,
,,,,宁波轿辰集团股份有限公司,企业,官网,http://cmsiveg.org/index.aspx,
,,,,宁波金融研究院,院校,官网,http://cmsiveg.org/index.aspx,
,,,,宁波经贸学校,院校,官网,http://cmsiveg.org/index.aspx,
,,,,宁波经易数字视觉有限公司,企业,官网,http://cmsiveg.org/index.aspx,
,,,,宁波矩阵酒店设计有限公司,企业,官网,http://cmsiveg.org/index.aspx,
,,,,宁波聚元财富投资管理有限公司,企业,官网,http://cmsiveg.org/index.aspx,
,,,,宁波凯越国际贸易有限公司,企业,官网,http://cmsiveg.org/index.aspx,
,,,,宁波龙星物流有限公司,企业,官网,http://cmsiveg.org/index.aspx,
,,,,宁波旅游投资发展有限公司,企业,官网,http://cmsiveg.org/index.aspx,
,,,,宁波欧楠电子商务有限公司,企业,官网,http://cmsiveg.org/index.aspx,
,,,,宁波市保险行业协会,社会团体,官网,http://cmsiveg.org/index.aspx,
,,,,宁波市饭店业协会,社会团体,官网,http://cmsiveg.org/index.aspx,
,,,,宁波市非物质遗产办,事业单位,官网,http://cmsiveg.org/index.aspx,
,,,,宁波市风景园林协会,社会团体,官网,http://cmsiveg.org/index.aspx,
,,,,宁波市奉化天竺园艺有限公司,企业,官网,http://cmsiveg.org/index.aspx,
,,,,宁波市服装协会,社会团体,官网,http://cmsiveg.org/index.aspx,
,,,,宁波市建设集团股份有限公司,企业,官网,http://cmsiveg.org/index.aspx,
,,,,宁波市建筑装饰行业协会,社会团体,官网,http://cmsiveg.org/index.aspx,
,,,,宁波市旅游协会,社会团体,官网,http://cmsiveg.org/index.aspx,
,,,,宁波市南天房地产经纪有限公司,企业,官网,http://cmsiveg.org/index.aspx,
,,,,宁波市农业科学研究院,科研机构,官网,http://cmsiveg.org/index.aspx,
,,,,宁波市软件行业协会,社会团体,官网,http://cmsiveg.org/index.aspx,
,,,,宁波市鄞州职业教育中心学校,院校,官网,http://cmsiveg.org/index.aspx,
,,,,宁波市甬江职业高级中学,院校,官网,http://cmsiveg.org/index.aspx,
,,,,宁波市镇海区职业教育中心学校,院校,官网,http://cmsiveg.org/index.aspx,
,,,,宁波市职教中心学校,院校,官网,http://cmsiveg.org/index.aspx,
,,,,宁波市智慧城市规划标准发展研究院,科研机构,官网,http://cmsiveg.org/index.aspx,
,,,,宁波水墨江南文化传播有限公司,企业,官网,http://cmsiveg.org/index.aspx,
,,,,宁波四明职业高级中学,院校,官网,http://cmsiveg.org/index.aspx,
,,,,宁波腾峰企业管理集团有限公司,企业,官网,http://cmsiveg.org/index.aspx,
,,,,宁波同泽国际物流有限公司,企业,官网,http://cmsiveg.org/index.aspx,
,,,,宁波外运国际集装箱货运有限公司,企业,官网,http://cmsiveg.org/index.aspx,
,,,,宁波夏恩外国语培训学校,院校,官网,http://cmsiveg.org/index.aspx,
,,,,宁波雅戈尔服装控股有限公司,企业,官网,http://cmsiveg.org/index.aspx,
,,,,宁波银行四明支行,企业,官网,http://cmsiveg.org/index.aspx,
,,,,宁波优可美电子商务有限公司,企业,官网,http://cmsiveg.org/index.aspx,
,,,,宁波攸品邻里商业管理股份有限公司,企业,官网,http://cmsiveg.org/index.aspx,
,,,,宁波云朵网络科技股份有限公司,企业,官网,http://cmsiveg.org/index.aspx,
,,,,宁波职业技术学院,院校,官网,http://cmsiveg.org/index.aspx,
,,,,宁波中国科学院信息技术应用研究院,科研机构,官网,http://cmsiveg.org/index.aspx,
,,,,宁波中国青年旅行社有限公司,企业,官网,http://cmsiveg.org/index.aspx,
,,,,宁波中瑞税务师事务所,企业,官网,http://cmsiveg.org/index.aspx,
,,,,宁波注册税务师协会,社会团体,官网,http://cmsiveg.org/index.aspx,
,,,,宁海县高级职业技术中心学校,院校,官网,http://cmsiveg.org/index.aspx,
,,,,乔达国际货运(中国)有限公司宁波分公司,企业,官网,http://cmsiveg.org/index.aspx,
,,,,衢州职业技术学院,院校,官网,http://cmsiveg.org/index.aspx,
,,,,全球贸易通,企业,官网,http://cmsiveg.org/index.aspx,
,,,,绍兴越秀外国语学校,院校,官网,http://cmsiveg.org/index.aspx,
,,,,宋城演艺发展股份有限公司,企业,官网,http://cmsiveg.org/index.aspx,
,,,,桐乡技师学院,院校,官网,http://cmsiveg.org/index.aspx,
,,,,温岭市职业技术学校,院校,官网,http://cmsiveg.org/index.aspx,
,,,,温州科技职业技术学院,院校,官网,http://cmsiveg.org/index.aspx,
,,,,仙居县职业中等专业学校,院校,官网,http://cmsiveg.org/index.aspx,
,,,,象山县技工学校,院校,官网,http://cmsiveg.org/index.aspx,
,,,,鄞州职业高级中学(宁波交通工程学校),院校,官网,http://cmsiveg.org/index.aspx,
,,,,余姚第二职业技术学校,院校,官网,http://cmsiveg.org/index.aspx,
,,,,余姚市第四职业技术学校,院校,官网,http://cmsiveg.org/index.aspx,
,,,,余姚市第五职业技术学校,院校,官网,http://cmsiveg.org/index.aspx,
,,,,余姚市职成教中心学校,院校,官网,http://cmsiveg.org/index.aspx,
,,,,余姚市职业技术学校,院校,官网,http://cmsiveg.org/index.aspx,
,,,,长兴县职业技术教育中心学校,院校,官网,http://cmsiveg.org/index.aspx,
,,,,招离证券股份有限公司宁波营业部,企业,官网,http://cmsiveg.org/index.aspx,
,,,,浙江达人旅业股份有限公司,企业,官网,http://cmsiveg.org/index.aspx,
,,,,浙江纺织服装职业技术学院,院校,官网,http://cmsiveg.org/index.aspx,
,,,,浙江工商职业技术学院,院校,官网,http://cmsiveg.org/index.aspx,
,,,,浙江金网信息产业股份有限公司,企业,官网,http://cmsiveg.org/index.aspx,
,,,,浙江经贸职业技术学院,院校,官网,http://cmsiveg.org/index.aspx,
,,,,浙江开元酒店管理有限公司,企业,官网,http://cmsiveg.org/index.aspx,
,,,,浙江蓝海绿业集团,企业,官网,http://cmsiveg.org/index.aspx,
,,,,浙江迈新股份有限公司,企业,官网,http://cmsiveg.org/index.aspx,
,,,,浙江省创意设计协会,社会团体,官网,http://cmsiveg.org/index.aspx,
,,,,浙江省机电技师学院,院校,官网,http://cmsiveg.org/index.aspx,
,,,,浙江天略投资管理有限公,企业,官网,http://cmsiveg.org/index.aspx,
,,,,浙江天元十杰装饰工程有限公司,企业,官网,http://cmsiveg.org/index.aspx,
,,,,浙江万里学院,院校,官网,http://cmsiveg.org/index.aspx,
,,,,浙江中聘(集团)科技股份有限公司,企业,官网,http://cmsiveg.org/index.aspx,
,,,,中国国旅(宁波)国际旅行社有限公司,企业,官网,http://cmsiveg.org/index.aspx,
,,,,中基宁波集团股份有限公司,企业,官网,http://cmsiveg.org/index.aspx,
,,,,舟山市普陀职业技术教育中心,事业单位,官网,http://cmsiveg.org/index.aspx,
甘肃省汽车行业职教集团,职业教育,甘肃省,兰州石化职业技术学院,兰州石化职业技术大学,,官网,http://www.lzpcc.edu.cn/qczjjt/jtgk/cydw.htm,
,,,,兰州石化职业技术大学,,官网,http://www.lzpcc.edu.cn/qczjjt/jtgk/cydw.htm,
,,,,兰州石化职业技术大学,,官网,http://www.lzpcc.edu.cn/qczjjt/jtgk/cydw.htm,
,,,,兰州石化职业技术大学,,官网,http://www.lzpcc.edu.cn/qczjjt/jtgk/cydw.htm,
,,,,兰州城市学院,,官网,http://www.lzpcc.edu.cn/qczjjt/jtgk/cydw.htm,
,,,,兰州职业技术学院,,官网,http://www.lzpcc.edu.cn/qczjjt/jtgk/cydw.htm,
,,,,兰州职业技术学院,,官网,http://www.lzpcc.edu.cn/qczjjt/jtgk/cydw.htm,
,,,,甘肃交通职业技术学院,,官网,http://www.lzpcc.edu.cn/qczjjt/jtgk/cydw.htm,
,,,,甘肃交通职业技术学院,,官网,http://www.lzpcc.edu.cn/qczjjt/jtgk/cydw.htm,
,,,,兰州现代职业学院,,官网,http://www.lzpcc.edu.cn/qczjjt/jtgk/cydw.htm,
,,,,兰州新奥驰泰汽车销售服务公司,,官网,http://www.lzpcc.edu.cn/qczjjt/jtgk/cydw.htm,
,,,,高台县职业中专,,官网,http://www.lzpcc.edu.cn/qczjjt/jtgk/cydw.htm,
,,,,高台县职业中专,,官网,http://www.lzpcc.edu.cn/qczjjt/jtgk/cydw.htm,
,,,,白银市职业中等专业学校,,官网,http://www.lzpcc.edu.cn/qczjjt/jtgk/cydw.htm,
,,,,平凉工程技术学校,,官网,http://www.lzpcc.edu.cn/qczjjt/jtgk/cydw.htm,
,,,,西峰职业中专,,官网,http://www.lzpcc.edu.cn/qczjjt/jtgk/cydw.htm,
,,,,西峰职业中专,,官网,http://www.lzpcc.edu.cn/qczjjt/jtgk/cydw.htm,
,,,,麦特汽车服务股份有限公司,,官网,http://www.lzpcc.edu.cn/qczjjt/jtgk/cydw.htm,
,,,,华亭县职业教育中心,,官网,http://www.lzpcc.edu.cn/qczjjt/jtgk/cydw.htm,
,,,,甘肃林业职业技术学院,,官网,http://www.lzpcc.edu.cn/qczjjt/jtgk/cydw.htm,
,,,,会宁县职教中心,,官网,http://www.lzpcc.edu.cn/qczjjt/jtgk/cydw.htm,
,,,,定西理工中专,,官网,http://www.lzpcc.edu.cn/qczjjt/jtgk/cydw.htm,
,,,,江苏康众汽配有限公司,,官网,http://www.lzpcc.edu.cn/qczjjt/jtgk/cydw.htm,
,,,,上海景格科技股份有限公司,,官网,http://www.lzpcc.edu.cn/qczjjt/jtgk/cydw.htm,
,,,,甘肃金岛福康汽车销售有限公司,,官网,http://www.lzpcc.edu.cn/qczjjt/jtgk/cydw.htm,
,,,,宁波奥博汽车电器有限公司,,官网,http://www.lzpcc.edu.cn/qczjjt/jtgk/cydw.htm,
,,,,甘肃省畜牧职业技术学院,,官网,http://www.lzpcc.edu.cn/qczjjt/jtgk/cydw.htm,
,,,,甘肃有色冶金职业技术学院,,官网,http://www.lzpcc.edu.cn/qczjjt/jtgk/cydw.htm,
,,,,甘肃工业职业技术学院,,官网,http://www.lzpcc.edu.cn/qczjjt/jtgk/cydw.htm,
,,,,甘南州中等职业学校,,官网,http://www.lzpcc.edu.cn/qczjjt/jtgk/cydw.htm,
,,,,兰州现代职业学院,,官网,http://www.lzpcc.edu.cn/qczjjt/jtgk/cydw.htm,
咸阳职业教育集团,职业教育,陕西省，咸阳市,咸阳职业技术学院,西安航空职业技术学院,职业院校,官网,https://zjjt.xianyangzhiyuan.edu.cn/index.htm,
,,,,陕西工业职业技术学院,职业院校,官网,https://zjjt.xianyangzhiyuan.edu.cn/index.htm,
,,,,陕西铁路工程职业技术学院,职业院校,官网,https://zjjt.xianyangzhiyuan.edu.cn/index.htm,
,,,,杨凌职业技术学院,职业院校,官网,https://zjjt.xianyangzhiyuan.edu.cn/index.htm,
,,,,西安生物医药专修学院,职业院校,官网,https://zjjt.xianyangzhiyuan.edu.cn/index.htm,
,,,,秦都区职业教育中心,职业院校,官网,https://zjjt.xianyangzhiyuan.edu.cn/index.htm,
,,,,渭城区职业教育中心,职业院校,官网,https://zjjt.xianyangzhiyuan.edu.cn/index.htm,
,,,,武功县职业教育中心,职业院校,官网,https://zjjt.xianyangzhiyuan.edu.cn/index.htm,
,,,,乾县职业教育中心,职业院校,官网,https://zjjt.xianyangzhiyuan.edu.cn/index.htm,
,,,,礼泉县职业教育中心,职业院校,官网,https://zjjt.xianyangzhiyuan.edu.cn/index.htm,
,,,,泾阳县职业教育中心,职业院校,官网,https://zjjt.xianyangzhiyuan.edu.cn/index.htm,
,,,,三原县职业教育中心,职业院校,官网,https://zjjt.xianyangzhiyuan.edu.cn/index.htm,
,,,,永寿县职业教育中心,职业院校,官网,https://zjjt.xianyangzhiyuan.edu.cn/index.htm,
,,,,彬县职业教育中心,职业院校,官网,https://zjjt.xianyangzhiyuan.edu.cn/index.htm,
,,,,长武县职业教育中心,职业院校,官网,https://zjjt.xianyangzhiyuan.edu.cn/index.htm,
,,,,旬邑县职业教育中心,职业院校,官网,https://zjjt.xianyangzhiyuan.edu.cn/index.htm,
,,,,淳化县职业教育中心,职业院校,官网,https://zjjt.xianyangzhiyuan.edu.cn/index.htm,
,,,,咸阳市卫生学校,职业院校,官网,https://zjjt.xianyangzhiyuan.edu.cn/index.htm,
,,,,西安市卫生学校,职业院校,官网,https://zjjt.xianyangzhiyuan.edu.cn/index.htm,
,,,,陕西师范大学金泰丝路花城幼儿园,企业单位,官网,https://zjjt.xianyangzhiyuan.edu.cn/index.htm,
,,,,天津三安光电有限公司,企业单位,官网,https://zjjt.xianyangzhiyuan.edu.cn/index.htm,
,,,,四川海底捞餐饮股份有限公司,企业单位,官网,https://zjjt.xianyangzhiyuan.edu.cn/index.htm,
,,,,杨凌大西农药业有限公司,企业单位,官网,https://zjjt.xianyangzhiyuan.edu.cn/index.htm,
,,,,华为技术有限公司,企业单位,官网,https://zjjt.xianyangzhiyuan.edu.cn/index.htm,
,,,,宁夏瑞泰科技股份有限公司,企业单位,官网,https://zjjt.xianyangzhiyuan.edu.cn/index.htm,
,,,,天津力神电池股份有限公司,企业单位,官网,https://zjjt.xianyangzhiyuan.edu.cn/index.htm,
,,,,陕西中医药大学第二附属医院,企业单位,官网,https://zjjt.xianyangzhiyuan.edu.cn/index.htm,
,,,,陕西中医药大学第一附属医院,企业单位,官网,https://zjjt.xianyangzhiyuan.edu.cn/index.htm,
,,,,咸阳市彩虹医院,企业单位,官网,https://zjjt.xianyangzhiyuan.edu.cn/index.htm,
,,,,中铁二十局集团有限公司中心医院,企业单位,官网,https://zjjt.xianyangzhiyuan.edu.cn/index.htm,
,,,,咸阳市第一人民医院,企业单位,官网,https://zjjt.xianyangzhiyuan.edu.cn/index.htm,
,,,,咸阳市中心医院,企业单位,官网,https://zjjt.xianyangzhiyuan.edu.cn/index.htm,
,,,,陕西省核工业二一五医院,企业单位,官网,https://zjjt.xianyangzhiyuan.edu.cn/index.htm,
,,,,陕西宝姜新能源有限责任公司,企业单位,官网,https://zjjt.xianyangzhiyuan.edu.cn/index.htm,
,,,,陕西省肖柯园林工程有限公司,企业单位,官网,https://zjjt.xianyangzhiyuan.edu.cn/index.htm,
,,,,西安购威电子科技有限公司,企业单位,官网,https://zjjt.xianyangzhiyuan.edu.cn/index.htm,
,,,,品格奥林匹克幼儿园,企业单位,官网,https://zjjt.xianyangzhiyuan.edu.cn/index.htm,
,,,,陕西方圆建工集团有限公司,企业单位,官网,https://zjjt.xianyangzhiyuan.edu.cn/index.htm,
,,,,西安烽火光伏科技股份有限公司,企业单位,官网,https://zjjt.xianyangzhiyuan.edu.cn/index.htm,
,,,,特变电工股份有限公司,企业单位,官网,https://zjjt.xianyangzhiyuan.edu.cn/index.htm,
,,,,咸阳小天鹅教育集团,企业单位,官网,https://zjjt.xianyangzhiyuan.edu.cn/index.htm,
,,,,西航天鼎保育院,企业单位,官网,https://zjjt.xianyangzhiyuan.edu.cn/index.htm,
,,,,陕西煤业化工集团有限责任公司,企业单位,官网,https://zjjt.xianyangzhiyuan.edu.cn/index.htm,
,,,,咸阳泾渭建设集团有限公司,企业单位,官网,https://zjjt.xianyangzhiyuan.edu.cn/index.htm,
,,,,陕西建工集团第六建筑工程有限公司,企业单位,官网,https://zjjt.xianyangzhiyuan.edu.cn/index.htm,
,,,,西安庆港洁能科技有限公司,企业单位,官网,https://zjjt.xianyangzhiyuan.edu.cn/index.htm,
,,,,咸阳市北塬新城管委会,政府部门,官网,https://zjjt.xianyangzhiyuan.edu.cn/index.htm,
,,,,咸阳市扶贫办,政府部门,官网,https://zjjt.xianyangzhiyuan.edu.cn/index.htm,
,,,,咸阳市卫生局,政府部门,官网,https://zjjt.xianyangzhiyuan.edu.cn/index.htm,
,,,,咸阳市科技局,政府部门,官网,https://zjjt.xianyangzhiyuan.edu.cn/index.htm,
,,,,咸阳市民政局,政府部门,官网,https://zjjt.xianyangzhiyuan.edu.cn/index.htm,
,,,,咸阳市财政局,政府部门,官网,https://zjjt.xianyangzhiyuan.edu.cn/index.htm,
,,,,咸阳市人力资源和社会保障局,政府部门,官网,https://zjjt.xianyangzhiyuan.edu.cn/index.htm,
,,,,咸阳市发展和改革委员会,政府部门,官网,https://zjjt.xianyangzhiyuan.edu.cn/index.htm,
,,,,咸阳市教育局,政府部门,官网,https://zjjt.xianyangzhiyuan.edu.cn/index.htm,
,,,,陕西省西咸新区泾河新城管委会,政府部门,官网,https://zjjt.xianyangzhiyuan.edu.cn/index.htm,
,,,,陕西省西咸新区沣东新城管委会,政府部门,官网,https://zjjt.xianyangzhiyuan.edu.cn/index.htm,
,,,,陕西省西咸新区沣西新城管委会,政府部门,官网,https://zjjt.xianyangzhiyuan.edu.cn/index.htm,
,,,,陕西省西咸新区空港新城管委会,政府部门,官网,https://zjjt.xianyangzhiyuan.edu.cn/index.htm,
,,,,陕西省西咸新区秦汉新城管委会,政府部门,官网,https://zjjt.xianyangzhiyuan.edu.cn/index.htm,
,,,,咸阳市高新区管委会,政府部门,官网,https://zjjt.xianyangzhiyuan.edu.cn/index.htm,
汉中职业教育集团,职业教育,陕西省,汉中职业技术学院,陕西航空职业技术学院,,,http://jxcg.hzvtc.cn/info/1018/1117.htm,
,,,,陕西理工学院,,,http://jxcg.hzvtc.cn/info/1018/1117.htm,
,,,,陕西工业职业技术学院,,,http://jxcg.hzvtc.cn/info/1018/1117.htm,
,,,,汉中市第一职业中等专业学校,,,http://jxcg.hzvtc.cn/info/1018/1117.htm,
,,,,汉中市幼儿园,,,http://jxcg.hzvtc.cn/info/1018/1117.htm,
,,,,陕飞集团,,,http://jxcg.hzvtc.cn/info/1018/1117.htm,
,,,,千山电子仪器厂（3327厂）,,,http://jxcg.hzvtc.cn/info/1018/1117.htm,
,,,,长空精密机械制造公司（3297厂）,,,http://jxcg.hzvtc.cn/info/1018/1117.htm,
,,,,汉江机床厂（一厂）,,,http://jxcg.hzvtc.cn/info/1018/1117.htm,
,,,,陕西钢铁集团公司,,,http://jxcg.hzvtc.cn/info/1018/1117.htm,
,,,,汉中市农业科学研究院,,,http://jxcg.hzvtc.cn/info/1018/1117.htm,
,,,,汉中市中心医院,,,http://jxcg.hzvtc.cn/info/1018/1117.htm,
,,,,三二O一医院,,,http://jxcg.hzvtc.cn/info/1018/1117.htm,
,,,,汉中市人民医院,,,http://jxcg.hzvtc.cn/info/1018/1117.htm,
,,,,汉中市兴汉商业大厦有限责任公司,,,http://jxcg.hzvtc.cn/info/1018/1117.htm,
,,,,汉中邮政酒店,,,http://jxcg.hzvtc.cn/info/1018/1117.htm,
,,,,汉中红叶大酒店,,,http://jxcg.hzvtc.cn/info/1018/1117.htm,
,,,,中国人民建设银行汉中分行,,,http://jxcg.hzvtc.cn/info/1018/1117.htm,
,,,,汉中市建筑总公司,,,http://jxcg.hzvtc.cn/info/1018/1117.htm,
,,,,陕西唐龙汽车集团公司,,,http://jxcg.hzvtc.cn/info/1018/1117.htm,
,,,,商洛职业技术学院,,,http://jxcg.hzvtc.cn/info/1018/1117.htm,
,,,,杨陵职业技术学院,,,http://jxcg.hzvtc.cn/info/1018/1117.htm,
,,,,陕西航空技师学院,,,http://jxcg.hzvtc.cn/info/1018/1117.htm,
,,,,陕西省商业学校,,,http://jxcg.hzvtc.cn/info/1018/1117.htm,
,,,,陕西省技工学校,,,http://jxcg.hzvtc.cn/info/1018/1117.htm,
,,,,汉中科技职业中等专业学校,,,http://jxcg.hzvtc.cn/info/1018/1117.htm,
,,,,南郑县职教中心,,,http://jxcg.hzvtc.cn/info/1018/1117.htm,
,,,,陕西科贸技工学校,,,http://jxcg.hzvtc.cn/info/1018/1117.htm,
,,,,城固县职教中心,,,http://jxcg.hzvtc.cn/info/1018/1117.htm,
,,,,洋县职教中心,,,http://jxcg.hzvtc.cn/info/1018/1117.htm,
,,,,西乡县职教中心,,,http://jxcg.hzvtc.cn/info/1018/1117.htm,
,,,,勉县职教中心,,,http://jxcg.hzvtc.cn/info/1018/1117.htm,
,,,,略阳县职教中心,,,http://jxcg.hzvtc.cn/info/1018/1117.htm,
,,,,宁强县职教中心,,,http://jxcg.hzvtc.cn/info/1018/1117.htm,
,,,,镇巴县职教中心,,,http://jxcg.hzvtc.cn/info/1018/1117.htm,
,,,,汉台区伞铺街幼儿园,,,http://jxcg.hzvtc.cn/info/1018/1117.htm,
,,,,中航电测仪器股份有限公司（521厂）,,,http://jxcg.hzvtc.cn/info/1018/1117.htm,
,,,,陕西航空硬质合金工具公司（3147厂）,,,http://jxcg.hzvtc.cn/info/1018/1117.htm,
,,,,陕西航空宏峰精密机械工具公司（3157厂）,,,http://jxcg.hzvtc.cn/info/1018/1117.htm,
,,,,陕西华燕航空仪表公司（141厂）,,,http://jxcg.hzvtc.cn/info/1018/1117.htm,
,,,,陕西飞机工业（集团）有限公司（182厂）,,,http://jxcg.hzvtc.cn/info/1018/1117.htm,
,,,,陕西燎原航空机械制造公司（572厂）,,,http://jxcg.hzvtc.cn/info/1018/1117.htm,
,,,,东方仪器厂（531厂）,,,http://jxcg.hzvtc.cn/info/1018/1117.htm,
,,,,汉中群峰机械制造有限公司（3217厂）,,,http://jxcg.hzvtc.cn/info/1018/1117.htm,
,,,,405厂（中核陕铀公司）,,,http://jxcg.hzvtc.cn/info/1018/1117.htm,
,,,,陕西八一锌业陕西硬质合金工具厂（28号信箱）,,,http://jxcg.hzvtc.cn/info/1018/1117.htm,
,,,,汉川机床厂（二厂）,,,http://jxcg.hzvtc.cn/info/1018/1117.htm,
,,,,汉江工具厂（三厂）,,,http://jxcg.hzvtc.cn/info/1018/1117.htm,
,,,,万目仪电股份有限公司,,,http://jxcg.hzvtc.cn/info/1018/1117.htm,
,,,,陕西汉江建材股份有限公司,,,http://jxcg.hzvtc.cn/info/1018/1117.htm,
,,,,陕西尧柏水泥厂,,,http://jxcg.hzvtc.cn/info/1018/1117.htm,
,,,,汉中嘉陵矿业责任有限公司,,,http://jxcg.hzvtc.cn/info/1018/1117.htm,
,,,,略阳县华鑫汽车修理厂,,,http://jxcg.hzvtc.cn/info/1018/1117.htm,
,,,,略阳县钢铁厂,,,http://jxcg.hzvtc.cn/info/1018/1117.htm,
,,,,汉中市秦岭园林绿化工程有限公司,,,http://jxcg.hzvtc.cn/info/1018/1117.htm,
,,,,陕西大汉园景工程有限公司,,,http://jxcg.hzvtc.cn/info/1018/1117.htm,
,,,,汉中市丽源名优花木研究所,,,http://jxcg.hzvtc.cn/info/1018/1117.htm,
,,,,汉中军鑫农业发展有限公司,,,http://jxcg.hzvtc.cn/info/1018/1117.htm,
,,,,汉中华盛种业有限公司,,,http://jxcg.hzvtc.cn/info/1018/1117.htm,
,,,,陕西金沙滩农业综合开发公司,,,http://jxcg.hzvtc.cn/info/1018/1117.htm,
,,,,南郑县云山茶业有限公司,,,http://jxcg.hzvtc.cn/info/1018/1117.htm,
,,,,汉中春雨公司汉中市第二人民医院（传染病医院）,,,http://jxcg.hzvtc.cn/info/1018/1117.htm,
,,,,汉中市中医院,,,http://jxcg.hzvtc.cn/info/1018/1117.htm,
,,,,汉中铁路医院,,,http://jxcg.hzvtc.cn/info/1018/1117.htm,
,,,,汉中市口腔医院,,,http://jxcg.hzvtc.cn/info/1018/1117.htm,
,,,,汉江职工医院,,,http://jxcg.hzvtc.cn/info/1018/1117.htm,
,,,,城固县医院,,,http://jxcg.hzvtc.cn/info/1018/1117.htm,
,,,,洋县县医院,,,http://jxcg.hzvtc.cn/info/1018/1117.htm,
,,,,西乡县医院,,,http://jxcg.hzvtc.cn/info/1018/1117.htm,
,,,,佛坪县医院,,,http://jxcg.hzvtc.cn/info/1018/1117.htm,
,,,,镇巴县医院,,,http://jxcg.hzvtc.cn/info/1018/1117.htm,
,,,,南郑县医院,,,http://jxcg.hzvtc.cn/info/1018/1117.htm,
,,,,勉县县医院,,,http://jxcg.hzvtc.cn/info/1018/1117.htm,
,,,,宁强县医院,,,http://jxcg.hzvtc.cn/info/1018/1117.htm,
,,,,略阳县医院,,,http://jxcg.hzvtc.cn/info/1018/1117.htm,
,,,,留坝县医院,,,http://jxcg.hzvtc.cn/info/1018/1117.htm,
,,,,汉中国际旅行社,,,http://jxcg.hzvtc.cn/info/1018/1117.htm,
,,,,汉中青年旅行社,,,http://jxcg.hzvtc.cn/info/1018/1117.htm,
,,,,汉中万邦置业发展有限公司,,,http://jxcg.hzvtc.cn/info/1018/1117.htm,
,,,,汉中商业大厦有限责任公司,,,http://jxcg.hzvtc.cn/info/1018/1117.htm,
,,,,汉中世纪阳光（民生）商厦有限责任公司,,,http://jxcg.hzvtc.cn/info/1018/1117.htm,
,,,,汉中现代房地产开发有限公司（现代国际商城）,,,http://jxcg.hzvtc.cn/info/1018/1117.htm,
,,,,汉中金江大酒店,,,http://jxcg.hzvtc.cn/info/1018/1117.htm,
,,,,汉中古月酒店,,,http://jxcg.hzvtc.cn/info/1018/1117.htm,
,,,,汉中汉艺酒店,,,http://jxcg.hzvtc.cn/info/1018/1117.htm,
,,,,汉中白天鹅酒店,,,http://jxcg.hzvtc.cn/info/1018/1117.htm,
,,,,汉中温州大酒店,,,http://jxcg.hzvtc.cn/info/1018/1117.htm,
,,,,汉中石狮大酒店,,,http://jxcg.hzvtc.cn/info/1018/1117.htm,
,,,,紫晶时尚酒店,,,http://jxcg.hzvtc.cn/info/1018/1117.htm,
,,,,中国工商银行汉中分行,,,http://jxcg.hzvtc.cn/info/1018/1117.htm,
,,,,中国农业银行汉中分行,,,http://jxcg.hzvtc.cn/info/1018/1117.htm,
,,,,中国银行汉中分行,,,http://jxcg.hzvtc.cn/info/1018/1117.htm,
,,,,汉水建筑工程公司,,,http://jxcg.hzvtc.cn/info/1018/1117.htm,
,,,,中航监理公司,,,http://jxcg.hzvtc.cn/info/1018/1117.htm,
,,,,陕西新天汉投资集团,,,http://jxcg.hzvtc.cn/info/1018/1117.htm,
,,,,广东东莞市徳弘劳务派遣有限公司,,,http://jxcg.hzvtc.cn/info/1018/1117.htm,
,,,,东莞康舒电子有限公司,,,http://jxcg.hzvtc.cn/info/1018/1117.htm,
,,,,广州建兴电子科技有限公司,,,http://jxcg.hzvtc.cn/info/1018/1117.htm,
,,,,深圳比亚迪股份有限公司,,,http://jxcg.hzvtc.cn/info/1018/1117.htm,
,,,,江苏省无锡市健鼎科技有限公司,,,http://jxcg.hzvtc.cn/info/1018/1117.htm,
,,,,江苏省无锡市渝派富豪餐饮管理有限公司,,,http://jxcg.hzvtc.cn/info/1018/1117.htm,
,,,,江苏省南京市奥鸿和餐饮管理有限公司,,,http://jxcg.hzvtc.cn/info/1018/1117.htm,
,,,,江苏省苏州市华硕电脑有限公司,,,http://jxcg.hzvtc.cn/info/1018/1117.htm,
,,,,上海市日月光半导体有限公司,,,http://jxcg.hzvtc.cn/info/1018/1117.htm,
,,,,上海市新科金鹏科技有限公司,,,http://jxcg.hzvtc.cn/info/1018/1117.htm,
,,,,上海市赞华实业责任有限公司,,,http://jxcg.hzvtc.cn/info/1018/1117.htm,
,,,,上海市联想电脑有限公司,,,http://jxcg.hzvtc.cn/info/1018/1117.htm,
,,,,上海市汽车制动系统有限公司,,,http://jxcg.hzvtc.cn/info/1018/1117.htm,
,,,,浙江省恒诺微电子（嘉兴）有限公司,,,http://jxcg.hzvtc.cn/info/1018/1117.htm,
,,,,重庆北汽银翔汽车有限公司,,,http://jxcg.hzvtc.cn/info/1018/1117.htm,
,,,,重庆纪创教育责任有限公司,,,http://jxcg.hzvtc.cn/info/1018/1117.htm,
,,,,浙江省余姚市舜宇光电有限公司,,,http://jxcg.hzvtc.cn/info/1018/1117.htm,
,,,,江苏省常州市今创集团,,,http://jxcg.hzvtc.cn/info/1018/1117.htm,
,,,,上海大众联合发展有限公司,,,http://jxcg.hzvtc.cn/info/1018/1117.htm,
,,,,凤凰半导体（苏州）有限公司,,,http://jxcg.hzvtc.cn/info/1018/1117.htm,
,,,,阿特斯阳光电力（苏州）有限公司,,,http://jxcg.hzvtc.cn/info/1018/1117.htm,
,,,,上海华荣科技有限公司,,,http://jxcg.hzvtc.cn/info/1018/1117.htm,
,,,,北京唐明轩茶艺馆,,,http://jxcg.hzvtc.cn/info/1018/1117.htm,
,,,,北京市王府茶楼,,,http://jxcg.hzvtc.cn/info/1018/1117.htm,
,,,,西安大唐御品茶楼,,,http://jxcg.hzvtc.cn/info/1018/1117.htm,
,,,,江苏省苏州名骏百盛汽车维修服务有限公司,,,http://jxcg.hzvtc.cn/info/1018/1117.htm,
,,,,重庆金夫人婚纱摄影集团,,,http://jxcg.hzvtc.cn/info/1018/1117.htm,
,,,,山东华鲁航空集团,,,http://jxcg.hzvtc.cn/info/1018/1117.htm,
,,,,北京商鲲教育集团,,,http://jxcg.hzvtc.cn/info/1018/1117.htm,
,,,,杭州湾吉利汽车有限公司,,,http://jxcg.hzvtc.cn/info/1018/1117.htm,
,,,,浙江永康众泰汽车厂,,,http://jxcg.hzvtc.cn/info/1018/1117.htm,
,,,,浙江宁波博曼特有限公司,,,http://jxcg.hzvtc.cn/info/1018/1117.htm,
,,,,上海凯泉水泵厂,,,http://jxcg.hzvtc.cn/info/1018/1117.htm,
云南省曲靖市麒麟职业教育集团,职业教育,云南省,曲靖市麒麟职业技术学校,麒麟职业技术学校,,,http://www.qjou.cn/channels/385.html,
,,,,麒麟职业教育产业园区管理委员会,,,http://www.qjou.cn/channels/385.html,
,,,,麒麟职业教育开发有限公司,,,http://www.qjou.cn/channels/385.html,
,,,,曲靖开放学院,,,http://www.qjou.cn/channels/385.html,
,,,,曲靖市护理学校,,,http://www.qjou.cn/channels/385.html,
,,,,曲靖市幼儿师范学校,,,http://www.qjou.cn/channels/385.html,
,,,,曲靖市航空学校,,,http://www.qjou.cn/channels/385.html,
四川建设职业教育集团,职业教育,四川省,四川建筑职业技术学院,西华大学,本科院校,官网,https://zjjt.scac.edu.cn/jtgk/cydw.htm,
,,,,西南科技大学,本科院校,官网,https://zjjt.scac.edu.cn/jtgk/cydw.htm,
,,,,西南石油大学,本科院校,官网,https://zjjt.scac.edu.cn/jtgk/cydw.htm,
,,,,成都大学,本科院校,官网,https://zjjt.scac.edu.cn/jtgk/cydw.htm,
,,,,四川建筑职业技术学院,高职专科院校,官网,https://zjjt.scac.edu.cn/jtgk/cydw.htm,
,,,,成都纺织高等专科学校,高职专科院校,官网,https://zjjt.scac.edu.cn/jtgk/cydw.htm,
,,,,成都航空职业技术学院,高职专科院校,官网,https://zjjt.scac.edu.cn/jtgk/cydw.htm,
,,,,四川交通职业技术学院,高职专科院校,官网,https://zjjt.scac.edu.cn/jtgk/cydw.htm,
,,,,绵阳职业技术学院,高职专科院校,官网,https://zjjt.scac.edu.cn/jtgk/cydw.htm,
,,,,四川水利职业技术学院,高职专科院校,官网,https://zjjt.scac.edu.cn/jtgk/cydw.htm,
,,,,新疆建设职业技术学院,高职专科院校,官网,https://zjjt.scac.edu.cn/jtgk/cydw.htm,
,,,,青海建筑职业技术学院,高职专科院校,官网,https://zjjt.scac.edu.cn/jtgk/cydw.htm,
,,,,宁夏建设职业技术学院,高职专科院校,官网,https://zjjt.scac.edu.cn/jtgk/cydw.htm,
,,,,西藏职业技术学院,高职专科院校,官网,https://zjjt.scac.edu.cn/jtgk/cydw.htm,
,,,,德阳安装技师学院,中职学校,官网,https://zjjt.scac.edu.cn/jtgk/cydw.htm,
,,,,四川省工业贸易学校,中职学校,官网,https://zjjt.scac.edu.cn/jtgk/cydw.htm,
,,,,四川省仁寿县第二职业高中,中职学校,官网,https://zjjt.scac.edu.cn/jtgk/cydw.htm,
,,,,眉山工程技师学院,中职学校,官网,https://zjjt.scac.edu.cn/jtgk/cydw.htm,
,,,,成都工程职业技术学校,中职学校,官网,https://zjjt.scac.edu.cn/jtgk/cydw.htm,
,,,,四川省商贸学校,中职学校,官网,https://zjjt.scac.edu.cn/jtgk/cydw.htm,
,,,,四川华西集团有限公司,企业,官网,https://zjjt.scac.edu.cn/jtgk/cydw.htm,
,,,,中国建筑一局（集团）有限公司,企业,官网,https://zjjt.scac.edu.cn/jtgk/cydw.htm,
,,,,中国建筑第八工程局有限公司,企业,官网,https://zjjt.scac.edu.cn/jtgk/cydw.htm,
,,,,中建新疆建工(集团)有限公司,企业,官网,https://zjjt.scac.edu.cn/jtgk/cydw.htm,
,,,,中国中铁二局集团有限公司,企业,官网,https://zjjt.scac.edu.cn/jtgk/cydw.htm,
,,,,中国中铁八局集团有限公司,企业,官网,https://zjjt.scac.edu.cn/jtgk/cydw.htm,
,,,,成都建工集团,企业,官网,https://zjjt.scac.edu.cn/jtgk/cydw.htm,
,,,,二重（德阳）重型装备有限公司,企业,官网,https://zjjt.scac.edu.cn/jtgk/cydw.htm,
,,,,东方汽轮机有限公司,企业,官网,https://zjjt.scac.edu.cn/jtgk/cydw.htm,
,,,,东方电机有限公司,企业,官网,https://zjjt.scac.edu.cn/jtgk/cydw.htm,
,,,,中信国安建工集团,企业,官网,https://zjjt.scac.edu.cn/jtgk/cydw.htm,
,,,,四汇建设集团,企业,官网,https://zjjt.scac.edu.cn/jtgk/cydw.htm,
,,,,四川省城乡规划设计研究院,科研院所,官网,https://zjjt.scac.edu.cn/jtgk/cydw.htm,
,,,,四川省建筑科学研究院,科研院所,官网,https://zjjt.scac.edu.cn/jtgk/cydw.htm,
,,,,中国建筑西南勘察设计研究院有限公司,科研院所,官网,https://zjjt.scac.edu.cn/jtgk/cydw.htm,
,,,,四川省建筑业协会,行业协会（政府单位）,官网,https://zjjt.scac.edu.cn/jtgk/cydw.htm,
,,,,叙永县住房和城乡规划建设局,行业协会（政府单位）,官网,https://zjjt.scac.edu.cn/jtgk/cydw.htm,
,,,,叙永县开发建筑协会,行业协会（政府单位）,官网,https://zjjt.scac.edu.cn/jtgk/cydw.htm,
,,,,三台县住房和城乡规划建设局,行业协会（政府单位）,官网,https://zjjt.scac.edu.cn/jtgk/cydw.htm,
,,,,三台县建筑业协会,行业协会（政府单位）,官网,https://zjjt.scac.edu.cn/jtgk/cydw.htm,
,,,,四川省装配式建筑产业协会,行业协会（政府单位）,官网,https://zjjt.scac.edu.cn/jtgk/cydw.htm,
,,,,四川省房地产协会,行业协会（政府单位）,官网,https://zjjt.scac.edu.cn/jtgk/cydw.htm,
,,,,四川省城镇供水排水协会,行业协会（政府单位）,官网,https://zjjt.scac.edu.cn/jtgk/cydw.htm,
,,,,四川省造价工程师协会,行业协会（政府单位）,官网,https://zjjt.scac.edu.cn/jtgk/cydw.htm,
,,,,四川省风景园林协会,行业协会（政府单位）,官网,https://zjjt.scac.edu.cn/jtgk/cydw.htm,
,,,,四川省建设工程质量安全与监理协会,行业协会（政府单位）,官网,https://zjjt.scac.edu.cn/jtgk/cydw.htm,
,,,,四川省散装水泥和预拌砂浆推广发展协会,行业协会（政府单位）,官网,https://zjjt.scac.edu.cn/jtgk/cydw.htm,
,,,,四川省建设人才开发促进会,行业协会（政府单位）,官网,https://zjjt.scac.edu.cn/jtgk/cydw.htm,
,,,,四川省城乡规划设计研究院,行业协会（政府单位）,官网,https://zjjt.scac.edu.cn/jtgk/cydw.htm,
,,,,四川省村镇建设协会,行业协会（政府单位）,官网,https://zjjt.scac.edu.cn/jtgk/cydw.htm,
,,,,四川城市规划协会,行业协会（政府单位）,官网,https://zjjt.scac.edu.cn/jtgk/cydw.htm,
四川财经职业教育联盟,职业教育,四川省,四川财经职业学院,四川省注册会计师协会,,官网,https://www.sccjlm.cn/lmgk1/lmjj.htm,
,,,,四川省资产评估师协会,,官网,https://www.sccjlm.cn/lmgk1/lmjj.htm,
,,,,四川省税务师协会,,官网,https://www.sccjlm.cn/lmgk1/lmjj.htm,
,,,,四川省银行业协会,,官网,https://www.sccjlm.cn/lmgk1/lmjj.htm,
,,,,成都汇成代理记账公司,,官网,https://www.sccjlm.cn/lmgk1/lmjj.htm,
,,,,成都康森贸易有限公司,,官网,https://www.sccjlm.cn/lmgk1/lmjj.htm,
,,,,成都艾克瑞财务咨询管理有限公司,,官网,https://www.sccjlm.cn/lmgk1/lmjj.htm,
,,,,南光机器有限责任公司,,官网,https://www.sccjlm.cn/lmgk1/lmjj.htm,
,,,,四川路桥集团,,官网,https://www.sccjlm.cn/lmgk1/lmjj.htm,
,,,,新希望集团,,官网,https://www.sccjlm.cn/lmgk1/lmjj.htm,
,,,,成都森宇集团（南湖餐饮）,,官网,https://www.sccjlm.cn/lmgk1/lmjj.htm,
,,,,四川徽记食品产业有限公司,,官网,https://www.sccjlm.cn/lmgk1/lmjj.htm,
,,,,四川宝岛光学有限责任公司,,官网,https://www.sccjlm.cn/lmgk1/lmjj.htm,
,,,,成都星巴克咖啡有限公司,,官网,https://www.sccjlm.cn/lmgk1/lmjj.htm,
,,,,四川豆匠食品产业有限公司,,官网,https://www.sccjlm.cn/lmgk1/lmjj.htm,
,,,,沃尔玛深国投百货有限公司,,官网,https://www.sccjlm.cn/lmgk1/lmjj.htm,
,,,,北京汇源饮料食品集团成都有限责任公司,,官网,https://www.sccjlm.cn/lmgk1/lmjj.htm,
,,,,四川华美牙科有限责任公司,,官网,https://www.sccjlm.cn/lmgk1/lmjj.htm,
,,,,成都市龙泉驿工商行政管理局,,官网,https://www.sccjlm.cn/lmgk1/lmjj.htm,
,,,,用友软件四川分公司,,官网,https://www.sccjlm.cn/lmgk1/lmjj.htm,
,,,,畅捷通软件有限公司,,官网,https://www.sccjlm.cn/lmgk1/lmjj.htm,
,,,,成都任我行软件股份有限公司,,官网,https://www.sccjlm.cn/lmgk1/lmjj.htm,
,,,,成都大承软件有限公司,,官网,https://www.sccjlm.cn/lmgk1/lmjj.htm,
,,,,音泰思计算机技术（成都）有限公司,,官网,https://www.sccjlm.cn/lmgk1/lmjj.htm,
,,,,成都金税电子技术有限公司,,官网,https://www.sccjlm.cn/lmgk1/lmjj.htm,
,,,,成都四财科技有限公司,,官网,https://www.sccjlm.cn/lmgk1/lmjj.htm,
,,,,成都杰创科技有限公司,,官网,https://www.sccjlm.cn/lmgk1/lmjj.htm,
,,,,成都金控金融服务有限公司,,官网,https://www.sccjlm.cn/lmgk1/lmjj.htm,
,,,,成都银行,,官网,https://www.sccjlm.cn/lmgk1/lmjj.htm,
,,,,国都证券有限责任公司成都桐梓林营业部,,官网,https://www.sccjlm.cn/lmgk1/lmjj.htm,
,,,,四川中申企业营销咨询有限公司,,官网,https://www.sccjlm.cn/lmgk1/lmjj.htm,
,,,,中国银河证券股份有限公司成都科华北路营业部,,官网,https://www.sccjlm.cn/lmgk1/lmjj.htm,
,,,,成都市龙泉驿区国税局,,官网,https://www.sccjlm.cn/lmgk1/lmjj.htm,
,,,,四川普林税务师事务所有限责任公司,,官网,https://www.sccjlm.cn/lmgk1/lmjj.htm,
,,,,四川德联税务师事务所有限责任公司,,官网,https://www.sccjlm.cn/lmgk1/lmjj.htm,
,,,,四川新世纪税务师事务所有限责任公司,,官网,https://www.sccjlm.cn/lmgk1/lmjj.htm,
,,,,四川华衡会计师事务所,,官网,https://www.sccjlm.cn/lmgk1/lmjj.htm,
,,,,四川佳华会计师事务所,,官网,https://www.sccjlm.cn/lmgk1/lmjj.htm,
,,,,四川维城会计师事务所,,官网,https://www.sccjlm.cn/lmgk1/lmjj.htm,
,,,,四川华文会计师事务所,,官网,https://www.sccjlm.cn/lmgk1/lmjj.htm,
,,,,四川普信会计师事务所,,官网,https://www.sccjlm.cn/lmgk1/lmjj.htm,
,,,,四川建科会计师事务所,,官网,https://www.sccjlm.cn/lmgk1/lmjj.htm,
,,,,四川标准会计师事务所,,官网,https://www.sccjlm.cn/lmgk1/lmjj.htm,
,,,,四川吉峰农机连锁股份有限公司,,官网,https://www.sccjlm.cn/lmgk1/lmjj.htm,
,,,,四川华衡资产评估有限公司,,官网,https://www.sccjlm.cn/lmgk1/lmjj.htm,
,,,,四川德仁堂药业连锁有限公司,,官网,https://www.sccjlm.cn/lmgk1/lmjj.htm,
,,,,成都职业技术学院,,官网,https://www.sccjlm.cn/lmgk1/lmjj.htm,
,,,,四川商务职业学院,,官网,https://www.sccjlm.cn/lmgk1/lmjj.htm,
,,,,四川现代职业学院,,官网,https://www.sccjlm.cn/lmgk1/lmjj.htm,
,,,,成都纺织专科学校,,官网,https://www.sccjlm.cn/lmgk1/lmjj.htm,
,,,,内江职业技术学院,,官网,https://www.sccjlm.cn/lmgk1/lmjj.htm,
,,,,成都市工业职业技术学校,,官网,https://www.sccjlm.cn/lmgk1/lmjj.htm,
,,,,四川经济贸易学校,,官网,https://www.sccjlm.cn/lmgk1/lmjj.htm,
,,,,乐山职业技术学院,,官网,https://www.sccjlm.cn/lmgk1/lmjj.htm,
泛美航空职业教育集团,职业教育,四川省,"四川泛美教育投资集团有限责任公司
四川西南航空职业学院",四川西南航空职业学院,,官网,https://www.fanmeiedu.com/Page_1173.html,
,,,,绵阳飞行职业学院,,官网,https://www.fanmeiedu.com/Page_1173.html,
,,,,青岛航空科技职业学院,,官网,https://www.fanmeiedu.com/Page_1173.html,
,,,,宿州航空职业学院,,官网,https://www.fanmeiedu.com/Page_1173.html,
,,,,四川西南航空专修学院,,官网,https://www.fanmeiedu.com/Page_1173.html,
,,,,成都航空旅游职业学校,,官网,https://www.fanmeiedu.com/Page_1173.html,
,,,,青岛北方航空职业学校,,官网,https://www.fanmeiedu.com/Page_1173.html,
,,,,绵阳泛美飞行职业技术学校,,官网,https://www.fanmeiedu.com/Page_1173.html,
,,,,宿州中原航空中等专业学校,,官网,https://www.fanmeiedu.com/Page_1173.html,
,,,,四川泛美蓝天研学教育,,官网,https://www.fanmeiedu.com/Page_1173.html,
重庆电子信息职业教育集团,职业教育,重庆市,重庆电子工程职业学院,重庆邮电大学,,官网,http://www.cqit.org/About.asp?ID=12,
,,,,重庆科技学院,,官网,http://www.cqit.org/About.asp?ID=12,
,,,,法国亚眠大学,,官网,http://www.cqit.org/About.asp?ID=12,
,,,,马来西亚博特拉大学,,官网,http://www.cqit.org/About.asp?ID=12,
,,,,重庆工业职业技术学院,,官网,http://www.cqit.org/About.asp?ID=12,
,,,,重庆工程职业技术学院,,官网,http://www.cqit.org/About.asp?ID=12,
,,,,重庆城市管理职业学院,,官网,http://www.cqit.org/About.asp?ID=12,
,,,,重庆航天职业技术学院,,官网,http://www.cqit.org/About.asp?ID=12,
,,,,四川信息职业技术学院,,官网,http://www.cqit.org/About.asp?ID=12,
,,,,重庆安全技术职业学院,,官网,http://www.cqit.org/About.asp?ID=12,
,,,,重庆科创职业学院,,官网,http://www.cqit.org/About.asp?ID=12,
,,,,重庆应用技术职业学院,,官网,http://www.cqit.org/About.asp?ID=12,
,,,,重庆市渝北职教中心,,官网,http://www.cqit.org/About.asp?ID=12,
,,,,重庆市秀山县职教中心,,官网,http://www.cqit.org/About.asp?ID=12,
,,,,重庆市轻工业学校,,官网,http://www.cqit.org/About.asp?ID=12,
,,,,重庆市育才职业教育中心,,官网,http://www.cqit.org/About.asp?ID=12,
,,,,巫溪职教中心,,官网,http://www.cqit.org/About.asp?ID=12,
,,,,华为技术有限公司重庆代表处,,官网,http://www.cqit.org/About.asp?ID=12,
,,,,北京华晟经世信息技术有限公司,,官网,http://www.cqit.org/About.asp?ID=12,
,,,,重庆京东方光电科技有限公司,,官网,http://www.cqit.org/About.asp?ID=12,
,,,,重庆长安汽车股份有限公司,,官网,http://www.cqit.org/About.asp?ID=12,
,,,,富士康科技集团（重庆）有限公司,,官网,http://www.cqit.org/About.asp?ID=12,
,,,,重庆鸿捷通信科技发展有限公司,,官网,http://www.cqit.org/About.asp?ID=12,
,,,,重庆直通物流有限公司,,官网,http://www.cqit.org/About.asp?ID=12,
,,,,泸州老窖集团有限责任公司,,官网,http://www.cqit.org/About.asp?ID=12,
,,,,深圳普乐创投投资管理有限公司,,官网,http://www.cqit.org/About.asp?ID=12,
,,,,重庆威冠实业有限公司,,官网,http://www.cqit.org/About.asp?ID=12,
,,,,重庆骏马电子科技有限公司,,官网,http://www.cqit.org/About.asp?ID=12,
,,,,重庆若可网络安全测评技术有限公司,,官网,http://www.cqit.org/About.asp?ID=12,
,,,,重庆海王星网络有限公司,,官网,http://www.cqit.org/About.asp?ID=12,
,,,,深圳宝德计算机系统有限公司,,官网,http://www.cqit.org/About.asp?ID=12,
,,,,重庆欧科建联科技有限公司,,官网,http://www.cqit.org/About.asp?ID=12,
,,,,蓝盾信息安全技术有限公司重庆分公司,,官网,http://www.cqit.org/About.asp?ID=12,
,,,,东方中讯数字证书认证有限公司,,官网,http://www.cqit.org/About.asp?ID=12,
,,,,重庆翰海睿智大数据科技有限公司,,官网,http://www.cqit.org/About.asp?ID=12,
,,,,重庆职业教育学会传媒艺术专业委员会,,官网,http://www.cqit.org/About.asp?ID=12,
,,,,重庆电子信息技术职业教育指导委员会,,官网,http://www.cqit.org/About.asp?ID=12,
,,,,中国通信工业协会信息安全与云计算校企联盟,,官网,http://www.cqit.org/About.asp?ID=12,
,,,,重庆通信行业校企联盟,,官网,http://www.cqit.org/About.asp?ID=12,
,,,,重庆市物联网产业协会教育与培训专委会,,官网,http://www.cqit.org/About.asp?ID=12,
,,,,重庆市工业机器人专业教学指导委员会,,官网,http://www.cqit.org/About.asp?ID=12,
,,,,重庆电子工程职业学院,,官网,http://www.cqit.org/About.asp?ID=12,
,,,,重庆工商职业学院,,官网,http://www.cqit.org/About.asp?ID=12,
,,,,重庆青年职业技术学院,,官网,http://www.cqit.org/About.asp?ID=12,
,,,,重庆机电职业技术学院,,官网,http://www.cqit.org/About.asp?ID=12,
,,,,重庆三峡职业学院,,官网,http://www.cqit.org/About.asp?ID=12,
,,,,重庆工贸职业技术学院,,官网,http://www.cqit.org/About.asp?ID=12,
,,,,重庆能源职业学院,,官网,http://www.cqit.org/About.asp?ID=12,
,,,,重庆公共运输职业学院,,官网,http://www.cqit.org/About.asp?ID=12,
,,,,重庆商务职院,,官网,http://www.cqit.org/About.asp?ID=12,
,,,,重庆电讯职业学院,,官网,http://www.cqit.org/About.asp?ID=12,
,,,,重庆电力高等专科学校,,官网,http://www.cqit.org/About.asp?ID=12,
,,,,四川三河职业学院,,官网,http://www.cqit.org/About.asp?ID=12,
,,,,重庆房地产职业学院,,官网,http://www.cqit.org/About.asp?ID=12,
,,,,重庆市立信职教中心,,官网,http://www.cqit.org/About.asp?ID=12,
,,,,重庆市酉阳县职教中心,,官网,http://www.cqit.org/About.asp?ID=12,
,,,,重庆市教育管理学校,,官网,http://www.cqit.org/About.asp?ID=12,
,,,,重庆市龙门浩职业教育中心,,官网,http://www.cqit.org/About.asp?ID=12,
,,,,重庆市黔江区民族职业教育中心,,官网,http://www.cqit.org/About.asp?ID=12,
,,,,巫溪文峰职业中学校,,官网,http://www.cqit.org/About.asp?ID=12,
,,,,重庆铜梁职教中心,,官网,http://www.cqit.org/About.asp?ID=12,
,,,,重庆云凯科技有限公司,,官网,http://www.cqit.org/About.asp?ID=12,
,,,,重庆昂码信息科技有限公司,,官网,http://www.cqit.org/About.asp?ID=12,
,,,,重庆城银科技有限公司,,官网,http://www.cqit.org/About.asp?ID=12,
,,,,重庆叠榭信息科技有限公司,,官网,http://www.cqit.org/About.asp?ID=12,
,,,,重庆凯米腾科技有限公司,,官网,http://www.cqit.org/About.asp?ID=12,
,,,,重庆世喆科技有限公司,,官网,http://www.cqit.org/About.asp?ID=12,
,,,,重庆朔悦科技有限公司,,官网,http://www.cqit.org/About.asp?ID=12,
,,,,重庆立固网兴网络有限公司,,官网,http://www.cqit.org/About.asp?ID=12,
,,,,重庆满四山科技有限公司,,官网,http://www.cqit.org/About.asp?ID=12,
,,,,重庆微标科技有限公司,,官网,http://www.cqit.org/About.asp?ID=12,
,,,,重庆中集物流股份有限公司,,官网,http://www.cqit.org/About.asp?ID=12,
,,,,重庆百居电子商务有限公司,,官网,http://www.cqit.org/About.asp?ID=12,
,,,,金电联行（重庆）信息技术有限公司,,官网,http://www.cqit.org/About.asp?ID=12,
,,,,重庆库嘉教育科技发展有限公司,,官网,http://www.cqit.org/About.asp?ID=12,
,,,,重庆欧法教育信息咨询服务有限公司,,官网,http://www.cqit.org/About.asp?ID=12,
,,,,重庆隆鑫通用动力股份有限公司,,官网,http://www.cqit.org/About.asp?ID=12,
,,,,重庆远发耀翼企业管理咨询有限公司,,官网,http://www.cqit.org/About.asp?ID=12,
,,,,重庆长帆新能源汽车有限公司,,官网,http://www.cqit.org/About.asp?ID=12,
,,,,北汽银翔汽车有限公司,,官网,http://www.cqit.org/About.asp?ID=12,
,,,,恒亦明（重庆）科技有限公司,,官网,http://www.cqit.org/About.asp?ID=12,
,,,,聚物腾云物联网（上海）有限公司,,官网,http://www.cqit.org/About.asp?ID=12,
,,,,重庆汇锦电子工程有限公司,,官网,http://www.cqit.org/About.asp?ID=12,
,,,,重庆卓鹏科技有限公司,,官网,http://www.cqit.org/About.asp?ID=12,
,,,,重庆宇凡光电科技有限公司,,官网,http://www.cqit.org/About.asp?ID=12,
,,,,中电科技集团重庆声光电有限公司,,官网,http://www.cqit.org/About.asp?ID=12,
,,,,重庆君歌电子科技有限公司,,官网,http://www.cqit.org/About.asp?ID=12,
,,,,重庆中科渝芯电子有限公司,,官网,http://www.cqit.org/About.asp?ID=12,
,,,,北京百科融创教学仪器设备有限公司,,官网,http://www.cqit.org/About.asp?ID=12,
,,,,重庆百立丰科技有限公司,,官网,http://www.cqit.org/About.asp?ID=12,
,,,,大唐移动通信设备有限公司,,官网,http://www.cqit.org/About.asp?ID=12,
,,,,广东华讯工程有限公司,,官网,http://www.cqit.org/About.asp?ID=12,
,,,,重庆环联科技有限公司,,官网,http://www.cqit.org/About.asp?ID=12,
,,,,中国铁塔股份有限公司重庆分公司,,官网,http://www.cqit.org/About.asp?ID=12,
,,,,重庆爱立信通讯有限公司,,官网,http://www.cqit.org/About.asp?ID=12,
,,,,重庆永鹏网络科技有限公司,,官网,http://www.cqit.org/About.asp?ID=12,
,,,,重庆观度科技有限公司,,官网,http://www.cqit.org/About.asp?ID=12,
,,,,重庆仁宝机电成套设备有限公司,,官网,http://www.cqit.org/About.asp?ID=12,
,,,,珠海因尔科技有限公司,,官网,http://www.cqit.org/About.asp?ID=12,
,,,,重庆敏特汽车零部件有限公司,,官网,http://www.cqit.org/About.asp?ID=12,
,,,,北京天融信网络安全技术有限公司,,官网,http://www.cqit.org/About.asp?ID=12,
,,,,重庆小企鹅科技有限公司,,官网,http://www.cqit.org/About.asp?ID=12,
,,,,重庆晓维网络科技有限公司,,官网,http://www.cqit.org/About.asp?ID=12,
,,,,重庆银拓信息技术有限责任公司,,官网,http://www.cqit.org/About.asp?ID=12,
,,,,神州数码,,官网,http://www.cqit.org/About.asp?ID=12,
,,,,泰国北标工业教育学院,,官网,http://www.cqit.org/About.asp?ID=12,
,,,,泰国春武里技术学院,,官网,http://www.cqit.org/About.asp?ID=12,
,,,,泰国班派工业教育学院,,官网,http://www.cqit.org/About.asp?ID=12,
,,,,泰国洛坤技术学院,,官网,http://www.cqit.org/About.asp?ID=12,
,,,,泰国蓝彭技术学院,,官网,http://www.cqit.org/About.asp?ID=12,
,,,,泰国北榄技术学院,,官网,http://www.cqit.org/About.asp?ID=12,
,,,,韩国东亚大学,,官网,http://www.cqit.org/About.asp?ID=12,
,,,,韩国启明大学,,官网,http://www.cqit.org/About.asp?ID=12,
广西学前教育职业教育集团,职业教育,广西,广西幼儿师范高等专科学校,桂林师范高等专科学校,,官网,https://zjjt.gxyesf.edu.cn/cyfc.htm,
,,,,广西民办协会学前教育专业委员会,,官网,https://zjjt.gxyesf.edu.cn/cyfc.htm,
,,,,广西幼儿师范高等专科学校,,官网,https://zjjt.gxyesf.edu.cn/cyfc.htm,
,,,,广西现代职业技术学院,,官网,https://zjjt.gxyesf.edu.cn/cyfc.htm,
,,,,柳州城市职业学院,,官网,https://zjjt.gxyesf.edu.cn/cyfc.htm,
,,,,钦州市合浦师范学校,,官网,https://zjjt.gxyesf.edu.cn/cyfc.htm,
,,,,桂林市兴安师范学校,,官网,https://zjjt.gxyesf.edu.cn/cyfc.htm,
,,,,河池市巴马民族师范学校,,官网,https://zjjt.gxyesf.edu.cn/cyfc.htm,
,,,,南宁市第四职业技术学校,,官网,https://zjjt.gxyesf.edu.cn/cyfc.htm,
,,,,平果县第一幼儿园,,官网,https://zjjt.gxyesf.edu.cn/cyfc.htm,
,,,,百色市幼儿园,,官网,https://zjjt.gxyesf.edu.cn/cyfc.htm,
,,,,梧州市第一幼儿园,,官网,https://zjjt.gxyesf.edu.cn/cyfc.htm,
,,,,河池市直属机关幼儿园,,官网,https://zjjt.gxyesf.edu.cn/cyfc.htm,
,,,,柳州市直属机关幼儿园,,官网,https://zjjt.gxyesf.edu.cn/cyfc.htm,
,,,,桂林市七星托幼教育集团七星幼儿园,,官网,https://zjjt.gxyesf.edu.cn/cyfc.htm,
,,,,中共广西壮族自治区委员会机关保育院,,官网,https://zjjt.gxyesf.edu.cn/cyfc.htm,
,,,,广西实验幼儿园,,官网,https://zjjt.gxyesf.edu.cn/cyfc.htm,
,,,,广西壮族自治区直属机关第三幼儿园,,官网,https://zjjt.gxyesf.edu.cn/cyfc.htm,
,,,,广西壮族自治区直属机关第一幼儿园,,官网,https://zjjt.gxyesf.edu.cn/cyfc.htm,
,,,,广西大学第二幼儿园,,官网,https://zjjt.gxyesf.edu.cn/cyfc.htm,
,,,,南宁市第一幼儿园,,官网,https://zjjt.gxyesf.edu.cn/cyfc.htm,
南宁市中等职业教育商贸旅游专业集团,职业教育,广西，南宁,南宁市第一职业技术学校,南宁市政府,,官网,https://jwc.nncvt.edu.cn/info/1293/3170.htm,
,,,,南宁职业技术学院,,官网,https://jwc.nncvt.edu.cn/info/1293/3170.htm,
,,,,南宁富桂精密工业有限公司,,官网,https://jwc.nncvt.edu.cn/info/1293/3170.htm,
,,,,南宁市教育局,,官网,https://jwc.nncvt.edu.cn/info/1293/3170.htm,
,,,,南宁市科学技术局,,官网,https://jwc.nncvt.edu.cn/info/1293/3170.htm,
,,,,南宁市工业和信息化局,,官网,https://jwc.nncvt.edu.cn/info/1293/3170.htm,
,,,,南宁市人力资源和社会保障局,,官网,https://jwc.nncvt.edu.cn/info/1293/3170.htm,
,,,,南宁市商务局,,官网,https://jwc.nncvt.edu.cn/info/1293/3170.htm,
,,,,南宁市外事办公室,,官网,https://jwc.nncvt.edu.cn/info/1293/3170.htm,
,,,,南宁市西乡塘区政府,,官网,https://jwc.nncvt.edu.cn/info/1293/3170.htm,
,,,,南宁市五象新区管委会,,官网,https://jwc.nncvt.edu.cn/info/1293/3170.htm,
,,,,南宁高新区管委会,,官网,https://jwc.nncvt.edu.cn/info/1293/3170.htm,
,,,,南宁经济技术开发区管委会,,官网,https://jwc.nncvt.edu.cn/info/1293/3170.htm,
,,,,广西一东盟经济开发区管委会,,官网,https://jwc.nncvt.edu.cn/info/1293/3170.htm,
,,,,南宁交通投资集团有限公司,,官网,https://jwc.nncvt.edu.cn/info/1293/3170.htm,
,,,,南宁轨道交通集团有限责任公司,,官网,https://jwc.nncvt.edu.cn/info/1293/3170.htm,
,,,,南宁产业投资集团有限责任公司,,官网,https://jwc.nncvt.edu.cn/info/1293/3170.htm,
,,,,南宁金融投资集团有限责任公司,,官网,https://jwc.nncvt.edu.cn/info/1293/3170.htm,
,,,,南宁市教育科学研究所,,官网,https://jwc.nncvt.edu.cn/info/1293/3170.htm,
,,,,南宁市职业教育中心,,官网,https://jwc.nncvt.edu.cn/info/1293/3170.htm,
,,,,南宁市第一职业技术学校,,官网,https://jwc.nncvt.edu.cn/info/1293/3170.htm,
,,,,南宁市第三职业技术学校,,官网,https://jwc.nncvt.edu.cn/info/1293/3170.htm,
,,,,南宁市第四职业技术学校,,官网,https://jwc.nncvt.edu.cn/info/1293/3170.htm,
,,,,南宁市第六职业技术学校,,官网,https://jwc.nncvt.edu.cn/info/1293/3170.htm,
,,,,南宁市武鸣区职业技术学校,,官网,https://jwc.nncvt.edu.cn/info/1293/3170.htm,
,,,,广西南宁技师学院,,官网,https://jwc.nncvt.edu.cn/info/1293/3170.htm,
,,,,广西新华书店集团股份有限公司,,官网,https://jwc.nncvt.edu.cn/info/1293/3170.htm,
,,,,北京奇安信科技有限公司,,官网,https://jwc.nncvt.edu.cn/info/1293/3170.htm,
,,,,广西西大旅游科学研究院,,官网,https://jwc.nncvt.edu.cn/info/1293/3170.htm,
,,,,广西报关协会,,官网,https://jwc.nncvt.edu.cn/info/1293/3170.htm,
,,,,思科(中国)有限公司,,官网,https://jwc.nncvt.edu.cn/info/1293/3170.htm,
,,,,广州屈臣氏个人用品商店有限公司,,官网,https://jwc.nncvt.edu.cn/info/1293/3170.htm,
,,,,广西烹饪餐饮行业协会,,官网,https://jwc.nncvt.edu.cn/info/1293/3170.htm,
,,,,广西纵览线缆集团有限公司,,官网,https://jwc.nncvt.edu.cn/info/1293/3170.htm,
,,,,广东星艺装饰集团广西分公司,,官网,https://jwc.nncvt.edu.cn/info/1293/3170.htm,
,,,,广西鑫伟酒店管理有限公司南宁鑫伟万豪酒店,,官网,https://jwc.nncvt.edu.cn/info/1293/3170.htm,
,,,,广西苏宁易购销售有限公司,,官网,https://jwc.nncvt.edu.cn/info/1293/3170.htm,
,,,,上海国际主题乐园有限公司,,官网,https://jwc.nncvt.edu.cn/info/1293/3170.htm,
,,,,广州市赛时国际货运代理有限公司,,官网,https://jwc.nncvt.edu.cn/info/1293/3170.htm,
,,,,深圳市跨境电子商务协会,,官网,https://jwc.nncvt.edu.cn/info/1293/3170.htm,
,,,,广西华辉装饰集团,,官网,https://jwc.nncvt.edu.cn/info/1293/3170.htm,
,,,,清华大学电子商务交易技术国家工程实验室,,官网,https://jwc.nncvt.edu.cn/info/1293/3170.htm,
,,,,北京中清研信息技术研究院,,官网,https://jwc.nncvt.edu.cn/info/1293/3170.htm,
深圳第一职业教育集团,职业教育,广东省，深圳市,深圳市第一职业技术学校,深圳市第一职业技术学校,学校教育机构,官网,http://www.szdyzjjt.com/page68,
,,,,深圳市第二职业技术学校,学校教育机构,官网,http://www.szdyzjjt.com/page68,
,,,,深圳市第三职业技术学校,学校教育机构,官网,http://www.szdyzjjt.com/page68,
,,,,深圳市新鹏职业高级中学,学校教育机构,官网,http://www.szdyzjjt.com/page68,
,,,,深圳市开放职业技术学校,学校教育机构,官网,http://www.szdyzjjt.com/page68,
,,,,深圳市博伦职业技术学校,学校教育机构,官网,http://www.szdyzjjt.com/page68,
,,,,深圳市奋达职业技术学校,学校教育机构,官网,http://www.szdyzjjt.com/page68,
,,,,深圳市宝山技工学校,学校教育机构,官网,http://www.szdyzjjt.com/page68,
,,,,深圳中华职业进修学校,学校教育机构,官网,http://www.szdyzjjt.com/page68,
,,,,深圳市教育科学研究院,学校教育机构,官网,http://www.szdyzjjt.com/page68,
,,,,新西兰怀卡托理工学院,学校教育机构,官网,http://www.szdyzjjt.com/page68,
,,,,北京理工大学深圳研究院,学校教育机构,官网,http://www.szdyzjjt.com/page68,
,,,,深圳福田区精英职业培训学校,学校教育机构,官网,http://www.szdyzjjt.com/page68,
,,,,深圳市盐田区华智培训学校,学校教育机构,官网,http://www.szdyzjjt.com/page68,
,,,,贵州省毕节市七星关区中等职业学校,学校教育机构,官网,http://www.szdyzjjt.com/page68,
,,,,深圳职业技术学院汽车与交通学院,学校教育机构,官网,http://www.szdyzjjt.com/page68,
,,,,中兴通讯学院NC教育管理中心,学校教育机构,官网,http://www.szdyzjjt.com/page68,
,,,,深圳市现代服务业职业教育实训基地,学校教育机构,官网,http://www.szdyzjjt.com/page68,
,,,,深圳市眼镜产业职业教育实训基地,学校教育机构,官网,http://www.szdyzjjt.com/page68,
,,,,深圳职业技术学院技术与职业教育研究所,学校教育机构,官网,http://www.szdyzjjt.com/page68,
,,,,深圳信息职业技术学院高等职业教育研究所,学校教育机构,官网,http://www.szdyzjjt.com/page68,
,,,,深圳市安防技术职业培训中心,学校教育机构,官网,http://www.szdyzjjt.com/page68,
,,,,深圳职业技术学院机电学院,学校教育机构,官网,http://www.szdyzjjt.com/page68,
,,,,深圳市携创技工学校,学校教育机构,官网,http://www.szdyzjjt.com/page68,
,,,,深圳市宝安区树人职业技能培训学校,学校教育机构,官网,http://www.szdyzjjt.com/page68,
,,,,深圳市英特教育培训中心,学校教育机构,官网,http://www.szdyzjjt.com/page68,
,,,,深圳科迅人才培训中心,学校教育机构,官网,http://www.szdyzjjt.com/page68,
,,,,深圳市珠联培训中心,学校教育机构,官网,http://www.szdyzjjt.com/page68,
,,,,深圳市中嘉职业技术学校,学校教育机构,官网,http://www.szdyzjjt.com/page68,
,,,,深圳市龙岗区第二职业技术学校,学校教育机构,官网,http://www.szdyzjjt.com/page68,
,,,,长城科技股份有限公司,企业机构,官网,http://www.szdyzjjt.com/page68,
,,,,比亚迪汽车有限公司,企业机构,官网,http://www.szdyzjjt.com/page68,
,,,,深圳华强集团有限公司,企业机构,官网,http://www.szdyzjjt.com/page68,
,,,,招商物流集团有限公司,企业机构,官网,http://www.szdyzjjt.com/page68,
,,,,中国银行深圳分行,企业机构,官网,http://www.szdyzjjt.com/page68,
,,,,深圳长城开发科技股份有限公司,企业机构,官网,http://www.szdyzjjt.com/page68,
,,,,深圳邮政局,企业机构,官网,http://www.szdyzjjt.com/page68,
,,,,沃尔玛(中国)投资有限公司,企业机构,官网,http://www.szdyzjjt.com/page68,
,,,,天虹商场股份有限公司,企业机构,官网,http://www.szdyzjjt.com/page68,
,,,,深圳市国美电器有限公司,企业机构,官网,http://www.szdyzjjt.com/page68,
,,,,苏宁电器股份有限公司,企业机构,官网,http://www.szdyzjjt.com/page68,
,,,,中国长城计算机深圳股份有限公司,企业机构,官网,http://www.szdyzjjt.com/page68,
,,,,深南电路有限公司,企业机构,官网,http://www.szdyzjjt.com/page68,
,,,,中通信息服务有限公司,企业机构,官网,http://www.szdyzjjt.com/page68,
,,,,康佳集团股份有限公司,企业机构,官网,http://www.szdyzjjt.com/page68,
,,,,深圳长城网电脑科技开发有限公司,企业机构,官网,http://www.szdyzjjt.com/page68,
,,,,深圳市鹏劳人力资源管理有限公司,企业机构,官网,http://www.szdyzjjt.com/page68,
,,,,福群电子(深圳)有限公司,企业机构,官网,http://www.szdyzjjt.com/page68,
,,,,深圳市博士眼镜连锁有限公司,企业机构,官网,http://www.szdyzjjt.com/page68,
,,,,星光印刷(深圳)有限公司,企业机构,官网,http://www.szdyzjjt.com/page68,
,,,,深圳市凯通物流有限公司,企业机构,官网,http://www.szdyzjjt.com/page68,
,,,,深圳市联创科技集团有限公司,企业机构,官网,http://www.szdyzjjt.com/page68,
,,,,宗正汽车贸易有限公司,企业机构,官网,http://www.szdyzjjt.com/page68,
,,,,明华(蛇口)海员服务公司明华国际会议中心,企业机构,官网,http://www.szdyzjjt.com/page68,
,,,,深圳创维-RGB电子有限公司石岩工厂,企业机构,官网,http://www.szdyzjjt.com/page68,
,,,,沃尔玛深国投百货有限公司(深圳中山分店),企业机构,官网,http://www.szdyzjjt.com/page68,
,,,,深圳第二空间教育服务有限公司,企业机构,官网,http://www.szdyzjjt.com/page68,
,,,,深圳市中建南方建筑设计有限公司,企业机构,官网,http://www.szdyzjjt.com/page68,
,,,,用友新道科技有限公司（深圳）,企业机构,官网,http://www.szdyzjjt.com/page68,
,,,,深圳市中科鸥鹏智能科技有限公司,企业机构,官网,http://www.szdyzjjt.com/page68,
,,,,深圳市计算机协会,企业机构,官网,http://www.szdyzjjt.com/page68,
,,,,深圳私营企业协会,企业机构,官网,http://www.szdyzjjt.com/page68,
,,,,广东省眼镜商会,企业机构,官网,http://www.szdyzjjt.com/page68,
,,,,深圳市会计学会,企业机构,官网,http://www.szdyzjjt.com/page68,
,,,,深圳市潜能开发研究会,企业机构,官网,http://www.szdyzjjt.com/page68,
,,,,深圳市科联专家服务中心,企业机构,官网,http://www.szdyzjjt.com/page68,
,,,,中国人民财产保险股份有限公司深圳市分公司,企业机构,官网,http://www.szdyzjjt.com/page68,
,,,,深圳市新红景科技开发有限公司,企业机构,官网,http://www.szdyzjjt.com/page68,
,,,,深圳市太极楼宇科技有限公司,企业机构,官网,http://www.szdyzjjt.com/page68,
,,,,深圳市超明实业有限公司,企业机构,官网,http://www.szdyzjjt.com/page68,
,,,,中海物业管理有限公司深圳分公司,企业机构,官网,http://www.szdyzjjt.com/page68,
,,,,观澜高尔夫球会,企业机构,官网,http://www.szdyzjjt.com/page68,
,,,,深圳市亚高智能科技有限公司,企业机构,官网,http://www.szdyzjjt.com/page68,
,,,,深圳市第五职业技能鉴定所,企业机构,官网,http://www.szdyzjjt.com/page68,
,,,,深圳市学智教育投资有限公司,企业机构,官网,http://www.szdyzjjt.com/page68,
,,,,深圳市财安合伙会计师事务所,企业机构,官网,http://www.szdyzjjt.com/page68,
,,,,深圳市沃德教育发展有限公司,企业机构,官网,http://www.szdyzjjt.com/page68,
,,,,深圳市学智教育投资有限公司,企业机构,官网,http://www.szdyzjjt.com/page68,
,,,,深圳市联合利丰供应链管理有限公司,企业机构,官网,http://www.szdyzjjt.com/page68,
,,,,深圳市欢乐动漫有限公司,企业机构,官网,http://www.szdyzjjt.com/page68,
,,,,深圳市昌恩电子有限公司,企业机构,官网,http://www.szdyzjjt.com/page68,
,,,,深圳市鲮鲤信息技术有限公司,企业机构,官网,http://www.szdyzjjt.com/page68,
,,,,深圳市民康实业有限公司,企业机构,官网,http://www.szdyzjjt.com/page68,
,,,,深圳市引航信息技术有限公司,企业机构,官网,http://www.szdyzjjt.com/page68,
,,,,中国联合网络通信深圳分公司,企业机构,官网,http://www.szdyzjjt.com/page68,
,,,,深圳市神州动力数码有限公司,企业机构,官网,http://www.szdyzjjt.com/page68,
,,,,深圳市用明企业管理顾问有限公司,企业机构,官网,http://www.szdyzjjt.com/page68,
,,,,深圳市儒枫国际文化传播有限公司,企业机构,官网,http://www.szdyzjjt.com/page68,
,,,,深圳中远物流有限公司,企业机构,官网,http://www.szdyzjjt.com/page68,
,,,,广州市福恩特科技有限公司,企业机构,官网,http://www.szdyzjjt.com/page68,
,,,,深圳市德朗能电子科技有限公司,企业机构,官网,http://www.szdyzjjt.com/page68,
,,,,深圳市咨智通教育培训有限公司,企业机构,官网,http://www.szdyzjjt.com/page68,
,,,,深圳市前海濠天科技有限公司,企业机构,官网,http://www.szdyzjjt.com/page68,
,,,,深圳惠卡世纪集团有限公司,企业机构,官网,http://www.szdyzjjt.com/page68,
,,,,深圳市华云新创科技有限公司,企业机构,官网,http://www.szdyzjjt.com/page68,
,,,,深圳房讯通信息技术有限公司,企业机构,官网,http://www.szdyzjjt.com/page68,
,,,,深圳市永鹏会计师事务所,企业机构,官网,http://www.szdyzjjt.com/page68,
,,,,深圳市卓翼智造有限公司,企业机构,官网,http://www.szdyzjjt.com/page68,
,,,,深圳海科星教育科技有限公司,企业机构,官网,http://www.szdyzjjt.com/page68,
中山市专业镇特色产业职业教育集团,职业教育,广东省，中山市,中山职业技术学院,中山中测纺织产业技术研究中心,,官网,https://www.zspt.edu.cn/zszjjt/jtjj/jtcy.htm,
,,,,中山职业技术学院,,官网,https://www.zspt.edu.cn/zszjjt/jtjj/jtcy.htm,
,,,,中山市第一中等职业技术学校,,官网,https://www.zspt.edu.cn/zszjjt/jtjj/jtcy.htm,
,,,,中山市跨境互联网贸易促进会,,官网,https://www.zspt.edu.cn/zszjjt/jtjj/jtcy.htm,
,,,,中山市心苑社会工作服务中心,,官网,https://www.zspt.edu.cn/zszjjt/jtjj/jtcy.htm,
,,,,广东九芯环保科技有限公司,,官网,https://www.zspt.edu.cn/zszjjt/jtjj/jtcy.htm,
,,,,巴洛克木业（中山）有限公司,,官网,https://www.zspt.edu.cn/zszjjt/jtjj/jtcy.htm,
,,,,中山市华人礼服有限公司,,官网,https://www.zspt.edu.cn/zszjjt/jtjj/jtcy.htm,
,,,,中山市柏顺照明电器有限公司,,官网,https://www.zspt.edu.cn/zszjjt/jtjj/jtcy.htm,
,,,,广州超远机电科技有限公司,,官网,https://www.zspt.edu.cn/zszjjt/jtjj/jtcy.htm,
,,,,帕博检测技术服务有限公司,,官网,https://www.zspt.edu.cn/zszjjt/jtjj/jtcy.htm,
,,,,中山生力电子科技有限公司,,官网,https://www.zspt.edu.cn/zszjjt/jtjj/jtcy.htm,
,,,,广东利诚检测技术有限公司,,官网,https://www.zspt.edu.cn/zszjjt/jtjj/jtcy.htm,
,,,,中山恒创物联网科技有限公司,,官网,https://www.zspt.edu.cn/zszjjt/jtjj/jtcy.htm,
,,,,中山市尚都文化传播有限公司,,官网,https://www.zspt.edu.cn/zszjjt/jtjj/jtcy.htm,
,,,,珠海世联房地产咨询有限公司,,官网,https://www.zspt.edu.cn/zszjjt/jtjj/jtcy.htm,
,,,,中山市集古韵今家具有限公司,,官网,https://www.zspt.edu.cn/zszjjt/jtjj/jtcy.htm,
,,,,广东菱电电梯有限公司,,官网,https://www.zspt.edu.cn/zszjjt/jtjj/jtcy.htm,
,,,,中山市沙溪理工学校,,官网,https://www.zspt.edu.cn/zszjjt/jtjj/jtcy.htm,
,,,,中山市中等专业学校,,官网,https://www.zspt.edu.cn/zszjjt/jtjj/jtcy.htm,
,,,,深圳百果园,,官网,https://www.zspt.edu.cn/zszjjt/jtjj/jtcy.htm,
湖南现代畜牧养殖职业教育集团,职业教育,湖南省,永州职业技术学院,永州市零陵区福祥畜牧有限公司简介,,官网,http://www.hnxmedu.com/catid/12_1.html,
,,,,永州市天顺畜牧科技有限责任公司公司简介,,官网,http://www.hnxmedu.com/catid/12_1.html,
,,,,正大集团简介,,官网,http://www.hnxmedu.com/catid/12_1.html,
,,,,湖南正虹科技发展股份有限公司简介,,官网,http://www.hnxmedu.com/catid/12_1.html,
,,,,湖南新五丰股份有限公司简介,,官网,http://www.hnxmedu.com/catid/12_1.html,
,,,,温氏食品集团股份有限公司,,官网,http://www.hnxmedu.com/catid/12_1.html,
,,,,湖南大北农农业科技有限公司,,官网,http://www.hnxmedu.com/catid/12_1.html,
,,,,湖南天心种猪场简介,,官网,http://www.hnxmedu.com/catid/12_1.html,
,,,,湖南恒惠集团简介,,官网,http://www.hnxmedu.com/catid/12_1.html,
,,,,湖南佳和农牧股份有限公司简介,,官网,http://www.hnxmedu.com/catid/12_1.html,
,,,,唐人神集团简介,,官网,http://www.hnxmedu.com/catid/12_1.html,
,,,,湖南烟村生态农牧科技股份有限公司简介,,官网,http://www.hnxmedu.com/catid/12_1.html,
,,,,杨凌本香现代农业集团简介,,官网,http://www.hnxmedu.com/catid/12_1.html,
,,,,湘西民族职业技术学院简介,,官网,http://www.hnxmedu.com/catid/12_1.html,
,,,,岳阳职业技术学院简介,,官网,http://www.hnxmedu.com/catid/12_1.html,
,,,,常德职业技术学院简介,,官网,http://www.hnxmedu.com/catid/12_1.html,
,,,,娄底职业技术学院简介,,官网,http://www.hnxmedu.com/catid/12_1.html,
,,,,怀化职业技术学院简介,,官网,http://www.hnxmedu.com/catid/12_1.html,
,,,,湖南环境生物职业技术学院简介,,官网,http://www.hnxmedu.com/catid/12_1.html,
重庆现代服务业职业教育集团,职业教育,重庆市,重庆城市管理职业学院,重庆科技学院,,官网,http://www.cqxdfwyzjjt.com/main.psp,
,,,,重庆市中国旅行社（集团）有限公司,,官网,http://www.cqxdfwyzjjt.com/main.psp,
,,,,中国联通,,官网,http://www.cqxdfwyzjjt.com/main.psp,
,,,,重庆艾申特电子科技有限公司,,官网,http://www.cqxdfwyzjjt.com/main.psp,
,,,,重庆永辉超市有限公司,,官网,http://www.cqxdfwyzjjt.com/main.psp,
广东纺织职业教育集团,职业教育,广东省,广东职业技术学院,东莞市千百意家居装饰有限公司,企业,官网,https://www.gdpt.edu.cn/al_40/1289,
,,,,明佳（香港）实业有限公司,企业,官网,https://www.gdpt.edu.cn/al_40/1289,
,,,,广州市源志诚家纺有限公司,企业,官网,https://www.gdpt.edu.cn/al_40/1289,
,,,,台山市东誉纺织品装饰有限公司,企业,官网,https://www.gdpt.edu.cn/al_40/1289,
,,,,东莞市万江雅兰装饰实业有限公司,企业,官网,https://www.gdpt.edu.cn/al_40/1289,
,,,,深圳市新东兴实业有限公司,企业,官网,https://www.gdpt.edu.cn/al_40/1289,
,,,,佛山菩提树网络科技有限公司,企业,官网,https://www.gdpt.edu.cn/al_40/1289,
,,,,佛山欧若拉照明有限公司,企业,官网,https://www.gdpt.edu.cn/al_40/1289,
,,,,珠海市新洪业家用纺织品有限公司,企业,官网,https://www.gdpt.edu.cn/al_40/1289,
,,,,佛山市雷德克尔创意科技有限公司,企业,官网,https://www.gdpt.edu.cn/al_40/1289,
,,,,深圳深港华艺设计有限公司,企业,官网,https://www.gdpt.edu.cn/al_40/1289,
,,,,广州华哲广告有限公司,企业,官网,https://www.gdpt.edu.cn/al_40/1289,
,,,,佛山市圣芙安装饰设计中心,企业,官网,https://www.gdpt.edu.cn/al_40/1289,
,,,,佛山市卡拉卡罗家居饰品有限公司,企业,官网,https://www.gdpt.edu.cn/al_40/1289,
,,,,佛山市红色动力设计有限公司,企业,官网,https://www.gdpt.edu.cn/al_40/1289,
,,,,广州秦仪企业管理咨询服务有限公司,企业,官网,https://www.gdpt.edu.cn/al_40/1289,
,,,,广东丰凯机械股份有限公司,企业,官网,https://www.gdpt.edu.cn/al_40/1289,
,,,,广州市康尼斯自动化有限公司,企业,官网,https://www.gdpt.edu.cn/al_40/1289,
,,,,广州市中明麻业纺织品有限公司,企业,官网,https://www.gdpt.edu.cn/al_40/1289,
,,,,汕头市澄海区新龙新服饰有限公司,企业,官网,https://www.gdpt.edu.cn/al_40/1289,
,,,,佛山市南海NO.1实业有限公司,企业,官网,https://www.gdpt.edu.cn/al_40/1289,
,,,,深圳市新佳娜服饰有限公司,企业,官网,https://www.gdpt.edu.cn/al_40/1289,
,,,,汕头市澄海区雅丝兰服饰实业有限公司,企业,官网,https://www.gdpt.edu.cn/al_40/1289,
,,,,中山市风飞纱制衣厂,企业,官网,https://www.gdpt.edu.cn/al_40/1289,
,,,,汕头市澄海区万盛毛织厂有限公司,企业,官网,https://www.gdpt.edu.cn/al_40/1289,
,,,,汕头市美莱顺内衣城有限公司,企业,官网,https://www.gdpt.edu.cn/al_40/1289,
,,,,东莞达生制衣有限公司,企业,官网,https://www.gdpt.edu.cn/al_40/1289,
,,,,广东伽懋毛织时装有限公司,企业,官网,https://www.gdpt.edu.cn/al_40/1289,
,,,,汕头市德致电子商务有限公司,企业,官网,https://www.gdpt.edu.cn/al_40/1289,
,,,,佛山市摩力克家居布业有限公司,企业,官网,https://www.gdpt.edu.cn/al_40/1289,
,,,,佛山南方印染股份有限公司,企业,官网,https://www.gdpt.edu.cn/al_40/1289,
,,,,佛山市南海区宏信机械设备有限公司,企业,官网,https://www.gdpt.edu.cn/al_40/1289,
,,,,广州联庄科技有限公司,企业,官网,https://www.gdpt.edu.cn/al_40/1289,
,,,,广州市虹彩染料有限公司,企业,官网,https://www.gdpt.edu.cn/al_40/1289,
,,,,广东溢达纺织有限公司,企业,官网,https://www.gdpt.edu.cn/al_40/1289,
,,,,深圳市良益实业有限公司,企业,官网,https://www.gdpt.edu.cn/al_40/1289,
,,,,佛山市新光针织有限公司,企业,官网,https://www.gdpt.edu.cn/al_40/1289,
,,,,佛山市雅纶纺织有限公司,企业,官网,https://www.gdpt.edu.cn/al_40/1289,
,,,,广州市启新针织有限公司,企业,官网,https://www.gdpt.edu.cn/al_40/1289,
,,,,中山市茗森纺织有限公司,企业,官网,https://www.gdpt.edu.cn/al_40/1289,
,,,,佛山市裕牌纺织有限公司,企业,官网,https://www.gdpt.edu.cn/al_40/1289,
,,,,佛山市顺德金纺集团有限公司,企业,官网,https://www.gdpt.edu.cn/al_40/1289,
,,,,佛山东亚股份有限公司,企业,官网,https://www.gdpt.edu.cn/al_40/1289,
,,,,东莞德永佳纺织制衣有限公司,企业,官网,https://www.gdpt.edu.cn/al_40/1289,
,,,,佛山市南海乾晖纺织有限公司,企业,官网,https://www.gdpt.edu.cn/al_40/1289,
,,,,潮州泰升服饰,企业,官网,https://www.gdpt.edu.cn/al_40/1289,
,,,,广州必维技术检测有限公司,企业,官网,https://www.gdpt.edu.cn/al_40/1289,
,,,,佛山市欣比美纺织有限公司,企业,官网,https://www.gdpt.edu.cn/al_40/1289,
,,,,佛山市科信达纺织检测技术服务有限公司​,企业,官网,https://www.gdpt.edu.cn/al_40/1289,
,,,,佛山市高明区盈富纺织染整有限公司,企业,官网,https://www.gdpt.edu.cn/al_40/1289,
,,,,广东玉蚕纤生态科技有限公司,企业,官网,https://www.gdpt.edu.cn/al_40/1289,
,,,,宁波纺织仪器厂,企业,官网,https://www.gdpt.edu.cn/al_40/1289,
,,,,南通三思机电科技有限公司,企业,官网,https://www.gdpt.edu.cn/al_40/1289,
,,,,增城市新昌景纺织品有限公司,企业,官网,https://www.gdpt.edu.cn/al_40/1289,
,,,,东莞天姿鸟织造有限公司,企业,官网,https://www.gdpt.edu.cn/al_40/1289,
,,,,佛山启航体育用品有限公司,企业,官网,https://www.gdpt.edu.cn/al_40/1289,
,,,,佛山市三水昊通印染有限公司,企业,官网,https://www.gdpt.edu.cn/al_40/1289,
,,,,佛山格绫丝绸有限公司,企业,官网,https://www.gdpt.edu.cn/al_40/1289,
,,,,佛山市樵利化纤织造有限公司,企业,官网,https://www.gdpt.edu.cn/al_40/1289,
,,,,佛山市晟世纺织科技有限公司,企业,官网,https://www.gdpt.edu.cn/al_40/1289,
,,,,佛山标美服饰有限公司,企业,官网,https://www.gdpt.edu.cn/al_40/1289,
,,,,中山时进纺织原料有限公司,企业,官网,https://www.gdpt.edu.cn/al_40/1289,
,,,,佛山市顺德区港纺联纺织有限公司,企业,官网,https://www.gdpt.edu.cn/al_40/1289,
,,,,佛山市南海必得福无纺布有限公司,企业,官网,https://www.gdpt.edu.cn/al_40/1289,
,,,,东莞忆凯制衣有限公司,企业,官网,https://www.gdpt.edu.cn/al_40/1289,
,,,,珠海泓利服饰股份有限公司,企业,官网,https://www.gdpt.edu.cn/al_40/1289,
,,,,佛山市夺彩织造有限公司,企业,官网,https://www.gdpt.edu.cn/al_40/1289,
,,,,中山市奥纺纺织有限公司,企业,官网,https://www.gdpt.edu.cn/al_40/1289,
,,,,广东希布朗集团,企业,官网,https://www.gdpt.edu.cn/al_40/1289,
,,,,深圳市时纬自动化有限公司,企业,官网,https://www.gdpt.edu.cn/al_40/1289,
,,,,佛山市德赛格精工机械有限公司,企业,官网,https://www.gdpt.edu.cn/al_40/1289,
,,,,圣东尼（上海）针织机器有限公司,企业,官网,https://www.gdpt.edu.cn/al_40/1289,
,,,,湖南华升株洲雪松有限公司,企业,官网,https://www.gdpt.edu.cn/al_40/1289,
,,,,佛山市万山针织有限公司,企业,官网,https://www.gdpt.edu.cn/al_40/1289,
,,,,明新弹性织物（中国）有限公司,企业,官网,https://www.gdpt.edu.cn/al_40/1289,
,,,,广东省纺织协会,行业协会或学会,官网,https://www.gdpt.edu.cn/al_40/1289,
,,,,广东省纺织工程学会,行业协会或学会,官网,https://www.gdpt.edu.cn/al_40/1289,
,,,,佛山市纺织服装行业协会,行业协会或学会,官网,https://www.gdpt.edu.cn/al_40/1289,
,,,,佛山市高明区纺织（服装）协会,行业协会或学会,官网,https://www.gdpt.edu.cn/al_40/1289,
,,,,广东无纺布协会,行业协会或学会,官网,https://www.gdpt.edu.cn/al_40/1289,
,,,,广东省家用纺织品行业协会,行业协会或学会,官网,https://www.gdpt.edu.cn/al_40/1289,
,,,,汕头市纺织服装行业商会,行业协会或学会,官网,https://www.gdpt.edu.cn/al_40/1289,
,,,,佛山市设计企业协会,行业协会或学会,官网,https://www.gdpt.edu.cn/al_40/1289,
,,,,顺德纺织商会,行业协会或学会,官网,https://www.gdpt.edu.cn/al_40/1289,
,,,,佛山市质量计量监督检测中心,科研院所、院校,官网,https://www.gdpt.edu.cn/al_40/1289,
,,,,广东省化学纤维研究所,科研院所、院校,官网,https://www.gdpt.edu.cn/al_40/1289,
,,,,南国丝都丝绸博物馆,科研院所、院校,官网,https://www.gdpt.edu.cn/al_40/1289,
,,,,广东产品质量监督检验研究院,科研院所、院校,官网,https://www.gdpt.edu.cn/al_40/1289,
,,,,广东省佛山市华材职业技术学校,科研院所、院校,官网,https://www.gdpt.edu.cn/al_40/1289,
,,,,佛山市南海区盐步职业技术学校,科研院所、院校,官网,https://www.gdpt.edu.cn/al_40/1289,
,,,,中山市沙溪理工学校,科研院所、院校,官网,https://www.gdpt.edu.cn/al_40/1289,
,,,,广州市纺织服装职业学校,科研院所、院校,官网,https://www.gdpt.edu.cn/al_40/1289,
,,,,汕头市纺织服装职业技术学校,科研院所、院校,官网,https://www.gdpt.edu.cn/al_40/1289,
,,,,广东省丝绸职业技术学校,科研院所、院校,官网,https://www.gdpt.edu.cn/al_40/1289,
,,,,江门职业技术学院,科研院所、院校,官网,https://www.gdpt.edu.cn/al_40/1289,
,,,,五邑大学纺织服装学院,科研院所、院校,官网,https://www.gdpt.edu.cn/al_40/1289,
,,,,武汉纺织大学纺织科学与工程学院,科研院所、院校,官网,https://www.gdpt.edu.cn/al_40/1289,
,,,,广东省均安牛仔服装研究院,科研院所、院校,官网,https://www.gdpt.edu.cn/al_40/1289,
,,,,深圳市计量质量检测研究院（深圳市纤维纺织检验所）,科研院所、院校,官网,https://www.gdpt.edu.cn/al_40/1289,
重庆三峡库区医教协同职业教育集团,职业教育,重庆市,重庆三峡医药高等专科学校,国药控股重庆万州有限公司,,官网,http://zjlm.sxyyc.net/sanxia-portal/view/index.jsp#/home?id=2,
,,,,云阳县卫生健康委员会,,官网,http://zjlm.sxyyc.net/sanxia-portal/view/index.jsp#/home?id=2,
,,,,重庆厚捷医药集团,,官网,http://zjlm.sxyyc.net/sanxia-portal/view/index.jsp#/home?id=2,
,,,,重庆市中医骨科医院,,官网,http://zjlm.sxyyc.net/sanxia-portal/view/index.jsp#/home?id=2,
,,,,华润医药重庆有限公司,,官网,http://zjlm.sxyyc.net/sanxia-portal/view/index.jsp#/home?id=2,
,,,,高笋塘街道社区卫生服务中心,,官网,http://zjlm.sxyyc.net/sanxia-portal/view/index.jsp#/home?id=2,
,,,,江苏悦华养老产业有限公司,,官网,http://zjlm.sxyyc.net/sanxia-portal/view/index.jsp#/home?id=2,
,,,,重庆希尔安药业有限公司,,官网,http://zjlm.sxyyc.net/sanxia-portal/view/index.jsp#/home?id=2,
,,,,重庆市垫江县人民医院,,官网,http://zjlm.sxyyc.net/sanxia-portal/view/index.jsp#/home?id=2,
,,,,四川中医药高等专科学校,,官网,http://zjlm.sxyyc.net/sanxia-portal/view/index.jsp#/home?id=2,
,,,,重庆化工职业学院,,官网,http://zjlm.sxyyc.net/sanxia-portal/view/index.jsp#/home?id=2,
,,,,晴姿商贸（上海）有限公司,,官网,http://zjlm.sxyyc.net/sanxia-portal/view/index.jsp#/home?id=2,
,,,,重庆市南川区人民医院,,官网,http://zjlm.sxyyc.net/sanxia-portal/view/index.jsp#/home?id=2,
,,,,重庆迪安医学检验中心有限公司,,官网,http://zjlm.sxyyc.net/sanxia-portal/view/index.jsp#/home?id=2,
,,,,石柱土家族自治县疾病预防控制中心,,官网,http://zjlm.sxyyc.net/sanxia-portal/view/index.jsp#/home?id=2,
,,,,重庆市护士学校,,官网,http://zjlm.sxyyc.net/sanxia-portal/view/index.jsp#/home?id=2,
,,,,重庆市食品药品检验检测研究院,,官网,http://zjlm.sxyyc.net/sanxia-portal/view/index.jsp#/home?id=2,
,,,,重庆市梁平区人民医院,,官网,http://zjlm.sxyyc.net/sanxia-portal/view/index.jsp#/home?id=2,
,,,,奉节县人民医院,,官网,http://zjlm.sxyyc.net/sanxia-portal/view/index.jsp#/home?id=2,
,,,,重庆大学附属三峡医院,,官网,http://zjlm.sxyyc.net/sanxia-portal/view/index.jsp#/home?id=2,
,,,,忠县中医医院,,官网,http://zjlm.sxyyc.net/sanxia-portal/view/index.jsp#/home?id=2,
,,,,自贡市中医医院,,官网,http://zjlm.sxyyc.net/sanxia-portal/view/index.jsp#/home?id=2,
,,,,福建省闽江人才服务中心,,官网,http://zjlm.sxyyc.net/sanxia-portal/view/index.jsp#/home?id=2,
,,,,重庆市忠县人民医院,,官网,http://zjlm.sxyyc.net/sanxia-portal/view/index.jsp#/home?id=2,
,,,,重庆市三峡卫生学校,,官网,http://zjlm.sxyyc.net/sanxia-portal/view/index.jsp#/home?id=2,
,,,,重庆市垫江县中医院,,官网,http://zjlm.sxyyc.net/sanxia-portal/view/index.jsp#/home?id=2,
,,,,重庆市万州区陈家坝街道社区卫生服务中心,,官网,http://zjlm.sxyyc.net/sanxia-portal/view/index.jsp#/home?id=2,
,,,,丰都县卫生健康委员会,,官网,http://zjlm.sxyyc.net/sanxia-portal/view/index.jsp#/home?id=2,
,,,,深圳市康哲药业有限公司,,官网,http://zjlm.sxyyc.net/sanxia-portal/view/index.jsp#/home?id=2,
,,,,重庆市涪陵区疾病预防控制中心,,官网,http://zjlm.sxyyc.net/sanxia-portal/view/index.jsp#/home?id=2,
,,,,重庆金域医学检验所有限公司,,官网,http://zjlm.sxyyc.net/sanxia-portal/view/index.jsp#/home?id=2,
,,,,江油市第四人民医院,,官网,http://zjlm.sxyyc.net/sanxia-portal/view/index.jsp#/home?id=2,
,,,,重庆三峡学院,,官网,http://zjlm.sxyyc.net/sanxia-portal/view/index.jsp#/home?id=2,
,,,,武隆兴胜健美口腔医院,,官网,http://zjlm.sxyyc.net/sanxia-portal/view/index.jsp#/home?id=2,
,,,,垫江县卫生健康委员会,,官网,http://zjlm.sxyyc.net/sanxia-portal/view/index.jsp#/home?id=2,
,,,,重庆市万州区上海医院,,官网,http://zjlm.sxyyc.net/sanxia-portal/view/index.jsp#/home?id=2,
,,,,重庆市万州区妇幼保健院,,官网,http://zjlm.sxyyc.net/sanxia-portal/view/index.jsp#/home?id=2,
,,,,重庆市万州区分水镇中心卫生院,,官网,http://zjlm.sxyyc.net/sanxia-portal/view/index.jsp#/home?id=2,
,,,,重庆市医药卫生学校,,官网,http://zjlm.sxyyc.net/sanxia-portal/view/index.jsp#/home?id=2,
,,,,永川区妇幼保健院,,官网,http://zjlm.sxyyc.net/sanxia-portal/view/index.jsp#/home?id=2,
,,,,重庆市长寿区人民医院,,官网,http://zjlm.sxyyc.net/sanxia-portal/view/index.jsp#/home?id=2,
,,,,酉阳县卫生健康委员会,,官网,http://zjlm.sxyyc.net/sanxia-portal/view/index.jsp#/home?id=2,
,,,,南川区卫生健康委员会,,官网,http://zjlm.sxyyc.net/sanxia-portal/view/index.jsp#/home?id=2,
,,,,奉节县金云中药材种植专业合作社,,官网,http://zjlm.sxyyc.net/sanxia-portal/view/index.jsp#/home?id=2,
,,,,石柱县人民医院,,官网,http://zjlm.sxyyc.net/sanxia-portal/view/index.jsp#/home?id=2,
,,,,重庆鸿翔一心堂药业有限公司,,官网,http://zjlm.sxyyc.net/sanxia-portal/view/index.jsp#/home?id=2,
,,,,重庆市铜梁区中医院,,官网,http://zjlm.sxyyc.net/sanxia-portal/view/index.jsp#/home?id=2,
,,,,秀山县卫生健康委员会,,官网,http://zjlm.sxyyc.net/sanxia-portal/view/index.jsp#/home?id=2,
,,,,重庆长江迪康制药有限公司,,官网,http://zjlm.sxyyc.net/sanxia-portal/view/index.jsp#/home?id=2,
,,,,重庆三峡医药高等专科学校,,官网,http://zjlm.sxyyc.net/sanxia-portal/view/index.jsp#/home?id=2,
,,,,重庆市中医药学会,,官网,http://zjlm.sxyyc.net/sanxia-portal/view/index.jsp#/home?id=2,
,,,,重庆市人民医院,,官网,http://zjlm.sxyyc.net/sanxia-portal/view/index.jsp#/home?id=2,
,,,,上海美丽田园美容发展有限公司,,官网,http://zjlm.sxyyc.net/sanxia-portal/view/index.jsp#/home?id=2,
,,,,涪陵佳欣口腔医院,,官网,http://zjlm.sxyyc.net/sanxia-portal/view/index.jsp#/home?id=2,
,,,,重庆市江北区中医院,,官网,http://zjlm.sxyyc.net/sanxia-portal/view/index.jsp#/home?id=2,
,,,,长寿区疾病预防控制中心,,官网,http://zjlm.sxyyc.net/sanxia-portal/view/index.jsp#/home?id=2,
,,,,重庆市药物种植研究所,,官网,http://zjlm.sxyyc.net/sanxia-portal/view/index.jsp#/home?id=2,
,,,,资阳市人民医院,,官网,http://zjlm.sxyyc.net/sanxia-portal/view/index.jsp#/home?id=2,
,,,,重庆市涪陵区中医院,,官网,http://zjlm.sxyyc.net/sanxia-portal/view/index.jsp#/home?id=2,
,,,,巫溪县市场监督管理局,,官网,http://zjlm.sxyyc.net/sanxia-portal/view/index.jsp#/home?id=2,
,,,,重庆市第一社会福利院,,官网,http://zjlm.sxyyc.net/sanxia-portal/view/index.jsp#/home?id=2,
,,,,万州区卫生健康委员会,,官网,http://zjlm.sxyyc.net/sanxia-portal/view/index.jsp#/home?id=2,
,,,,重庆万力药业有限公司,,官网,http://zjlm.sxyyc.net/sanxia-portal/view/index.jsp#/home?id=2,
,,,,合川区人民院,,官网,http://zjlm.sxyyc.net/sanxia-portal/view/index.jsp#/home?id=2,
,,,,重庆市巴南区人民医院,,官网,http://zjlm.sxyyc.net/sanxia-portal/view/index.jsp#/home?id=2,
,,,,重庆市第四人民医院,,官网,http://zjlm.sxyyc.net/sanxia-portal/view/index.jsp#/home?id=2,
,,,,重庆市潼南区中医院,,官网,http://zjlm.sxyyc.net/sanxia-portal/view/index.jsp#/home?id=2,
,,,,重庆市九龙坡区人民医院,,官网,http://zjlm.sxyyc.net/sanxia-portal/view/index.jsp#/home?id=2,
,,,,重庆欣乐美义齿有限公司,,官网,http://zjlm.sxyyc.net/sanxia-portal/view/index.jsp#/home?id=2,
,,,,重庆市万州区沙河街道社区卫生服务中心,,官网,http://zjlm.sxyyc.net/sanxia-portal/view/index.jsp#/home?id=2,
,,,,厦门大学附属第一医院思明分院,,官网,http://zjlm.sxyyc.net/sanxia-portal/view/index.jsp#/home?id=2,
,,,,奉节县卫生健康委员会,,官网,http://zjlm.sxyyc.net/sanxia-portal/view/index.jsp#/home?id=2,
,,,,黔江区中医院,,官网,http://zjlm.sxyyc.net/sanxia-portal/view/index.jsp#/home?id=2,
,,,,涪陵李志沧中医骨伤医院,,官网,http://zjlm.sxyyc.net/sanxia-portal/view/index.jsp#/home?id=2,
,,,,重庆市巫溪县中医院,,官网,http://zjlm.sxyyc.net/sanxia-portal/view/index.jsp#/home?id=2,
,,,,重庆市涪陵中心医院,,官网,http://zjlm.sxyyc.net/sanxia-portal/view/index.jsp#/home?id=2,
,,,,北大医药重庆大新药业股份有限公司,,官网,http://zjlm.sxyyc.net/sanxia-portal/view/index.jsp#/home?id=2,
,,,,巫溪县人民医院,,官网,http://zjlm.sxyyc.net/sanxia-portal/view/index.jsp#/home?id=2,
,,,,武隆区卫生健康委员会,,官网,http://zjlm.sxyyc.net/sanxia-portal/view/index.jsp#/home?id=2,
,,,,重庆市医科学校,,官网,http://zjlm.sxyyc.net/sanxia-portal/view/index.jsp#/home?id=2,
,,,,重庆市神女药业股份有限公司,,官网,http://zjlm.sxyyc.net/sanxia-portal/view/index.jsp#/home?id=2,
,,,,垫江县惠民药房有限公司,,官网,http://zjlm.sxyyc.net/sanxia-portal/view/index.jsp#/home?id=2,
,,,,湖北省利川市民族中医院,,官网,http://zjlm.sxyyc.net/sanxia-portal/view/index.jsp#/home?id=2,
,,,,重庆市梁平区中医医院,,官网,http://zjlm.sxyyc.net/sanxia-portal/view/index.jsp#/home?id=2,
,,,,重庆宏仁一医院,,官网,http://zjlm.sxyyc.net/sanxia-portal/view/index.jsp#/home?id=2,
,,,,重庆牙科医院,,官网,http://zjlm.sxyyc.net/sanxia-portal/view/index.jsp#/home?id=2,
,,,,成都泰合健康科技集团股份有限公司华神制药厂,,官网,http://zjlm.sxyyc.net/sanxia-portal/view/index.jsp#/home?id=2,
,,,,重庆市秀山土家族苗族自治县中医医院,,官网,http://zjlm.sxyyc.net/sanxia-portal/view/index.jsp#/home?id=2,
,,,,重庆市护理学会,,官网,http://zjlm.sxyyc.net/sanxia-portal/view/index.jsp#/home?id=2,
,,,,重庆市开州区人民医院,,官网,http://zjlm.sxyyc.net/sanxia-portal/view/index.jsp#/home?id=2,
,,,,万州区教育委员会,,官网,http://zjlm.sxyyc.net/sanxia-portal/view/index.jsp#/home?id=2,
,,,,上海思妍丽实业股份有限公司,,官网,http://zjlm.sxyyc.net/sanxia-portal/view/index.jsp#/home?id=2,
,,,,涪陵区卫生健康委员会,,官网,http://zjlm.sxyyc.net/sanxia-portal/view/index.jsp#/home?id=2,
,,,,开州区卫生健康委员会,,官网,http://zjlm.sxyyc.net/sanxia-portal/view/index.jsp#/home?id=2,
,,,,重庆市万州区第一人民医院,,官网,http://zjlm.sxyyc.net/sanxia-portal/view/index.jsp#/home?id=2,
,,,,成都军区八一骨科医院,,官网,http://zjlm.sxyyc.net/sanxia-portal/view/index.jsp#/home?id=2,
,,,,江油市骨科医院,,官网,http://zjlm.sxyyc.net/sanxia-portal/view/index.jsp#/home?id=2,
,,,,黔江区卫生健康委员会,,官网,http://zjlm.sxyyc.net/sanxia-portal/view/index.jsp#/home?id=2,
,,,,重庆市武隆区疾病预防控制中心,,官网,http://zjlm.sxyyc.net/sanxia-portal/view/index.jsp#/home?id=2,
,,,,彭水县卫生健康委员会,,官网,http://zjlm.sxyyc.net/sanxia-portal/view/index.jsp#/home?id=2,
,,,,重庆医科大学,,官网,http://zjlm.sxyyc.net/sanxia-portal/view/index.jsp#/home?id=2,
,,,,重庆两江新区第一人民医院,,官网,http://zjlm.sxyyc.net/sanxia-portal/view/index.jsp#/home?id=2,
,,,,重庆城市管理职业学院,,官网,http://zjlm.sxyyc.net/sanxia-portal/view/index.jsp#/home?id=2,
,,,,重庆市总工会杨家坪疗养院,,官网,http://zjlm.sxyyc.net/sanxia-portal/view/index.jsp#/home?id=2,
,,,,重庆巴渝大嫂家政服务有限公司,,官网,http://zjlm.sxyyc.net/sanxia-portal/view/index.jsp#/home?id=2,
,,,,重庆红池印象旅游有限公司,,官网,http://zjlm.sxyyc.net/sanxia-portal/view/index.jsp#/home?id=2,
,,,,重庆开州安康医院,,官网,http://zjlm.sxyyc.net/sanxia-portal/view/index.jsp#/home?id=2,
,,,,重庆市沙坪坝区中医院,,官网,http://zjlm.sxyyc.net/sanxia-portal/view/index.jsp#/home?id=2,
,,,,重庆市开州区疾病预防控制中心,,官网,http://zjlm.sxyyc.net/sanxia-portal/view/index.jsp#/home?id=2,
,,,,重庆市九龙坡区中西医结合医院,,官网,http://zjlm.sxyyc.net/sanxia-portal/view/index.jsp#/home?id=2,
,,,,重庆华邦制药有限公司,,官网,http://zjlm.sxyyc.net/sanxia-portal/view/index.jsp#/home?id=2,
,,,,重庆市万州区周家坝街道社区卫生服务中心,,官网,http://zjlm.sxyyc.net/sanxia-portal/view/index.jsp#/home?id=2,
,,,,巫山县人民医院,,官网,http://zjlm.sxyyc.net/sanxia-portal/view/index.jsp#/home?id=2,
,,,,重庆市九龙坡区中医院,,官网,http://zjlm.sxyyc.net/sanxia-portal/view/index.jsp#/home?id=2,
,,,,重庆三峡医药高等专科学校附属医院,,官网,http://zjlm.sxyyc.net/sanxia-portal/view/index.jsp#/home?id=2,
,,,,重庆健之佳健康药房连锁有限公司,,官网,http://zjlm.sxyyc.net/sanxia-portal/view/index.jsp#/home?id=2,
,,,,永川区中医院,,官网,http://zjlm.sxyyc.net/sanxia-portal/view/index.jsp#/home?id=2,
,,,,重庆市荣昌区中医院,,官网,http://zjlm.sxyyc.net/sanxia-portal/view/index.jsp#/home?id=2,
,,,,重庆爱尔儿童眼科医院有限公司,,官网,http://zjlm.sxyyc.net/sanxia-portal/view/index.jsp#/home?id=2,
,,,,重庆市开州区妇幼保健院,,官网,http://zjlm.sxyyc.net/sanxia-portal/view/index.jsp#/home?id=2,
,,,,巫溪县卫生健康委员会,,官网,http://zjlm.sxyyc.net/sanxia-portal/view/index.jsp#/home?id=2,
,,,,万州区白岩社区卫生服务中心,,官网,http://zjlm.sxyyc.net/sanxia-portal/view/index.jsp#/home?id=2,
,,,,重庆市万州区疾病预防控制中心,,官网,http://zjlm.sxyyc.net/sanxia-portal/view/index.jsp#/home?id=2,
,,,,重庆市卫生健康委员会,,官网,http://zjlm.sxyyc.net/sanxia-portal/view/index.jsp#/home?id=2,
,,,,重庆市九龙坡区第二人民医院,,官网,http://zjlm.sxyyc.net/sanxia-portal/view/index.jsp#/home?id=2,
,,,,重庆宏善实业有限公司,,官网,http://zjlm.sxyyc.net/sanxia-portal/view/index.jsp#/home?id=2,
,,,,重庆丰都民福医院,,官网,http://zjlm.sxyyc.net/sanxia-portal/view/index.jsp#/home?id=2,
,,,,深圳容大生物科技有限公司,,官网,http://zjlm.sxyyc.net/sanxia-portal/view/index.jsp#/home?id=2,
,,,,重庆三峡医专附属人民医院,,官网,http://zjlm.sxyyc.net/sanxia-portal/view/index.jsp#/home?id=2,
,,,,重庆爱成科技有限公司,,官网,http://zjlm.sxyyc.net/sanxia-portal/view/index.jsp#/home?id=2,
,,,,忠县卫生健康委员会,,官网,http://zjlm.sxyyc.net/sanxia-portal/view/index.jsp#/home?id=2,
,,,,重庆市万州区武陵镇中心卫生院,,官网,http://zjlm.sxyyc.net/sanxia-portal/view/index.jsp#/home?id=2,
,,,,射洪县人民医院,,官网,http://zjlm.sxyyc.net/sanxia-portal/view/index.jsp#/home?id=2,
,,,,重庆市东南医院,,官网,http://zjlm.sxyyc.net/sanxia-portal/view/index.jsp#/home?id=2,
,,,,四川省骨科医院,,官网,http://zjlm.sxyyc.net/sanxia-portal/view/index.jsp#/home?id=2,
,,,,重庆市潼南区人民医院,,官网,http://zjlm.sxyyc.net/sanxia-portal/view/index.jsp#/home?id=2,
,,,,梁平区卫生健康委员会,,官网,http://zjlm.sxyyc.net/sanxia-portal/view/index.jsp#/home?id=2,
,,,,珠海安和生化科技有限公司,,官网,http://zjlm.sxyyc.net/sanxia-portal/view/index.jsp#/home?id=2,
,,,,上海正雅齿科科技股份有限公司,,官网,http://zjlm.sxyyc.net/sanxia-portal/view/index.jsp#/home?id=2,
,,,,重庆市万州区走马镇中心卫生院,,官网,http://zjlm.sxyyc.net/sanxia-portal/view/index.jsp#/home?id=2,
,,,,重庆中元生物技术有限公司,,官网,http://zjlm.sxyyc.net/sanxia-portal/view/index.jsp#/home?id=2,
,,,,重庆百会体育产业有限公司,,官网,http://zjlm.sxyyc.net/sanxia-portal/view/index.jsp#/home?id=2,
,,,,涪陵郭昌毕骨伤科医院,,官网,http://zjlm.sxyyc.net/sanxia-portal/view/index.jsp#/home?id=2,
,,,,重庆市万州区余家镇中心卫生院,,官网,http://zjlm.sxyyc.net/sanxia-portal/view/index.jsp#/home?id=2,
,,,,福建云硕医疗科技有限公司,,官网,http://zjlm.sxyyc.net/sanxia-portal/view/index.jsp#/home?id=2,
,,,,重庆市秀山土家族苗族自治区人民医院,,官网,http://zjlm.sxyyc.net/sanxia-portal/view/index.jsp#/home?id=2,
,,,,重庆市万州区白羊镇中心卫生院,,官网,http://zjlm.sxyyc.net/sanxia-portal/view/index.jsp#/home?id=2,
,,,,大邑县人民医院,,官网,http://zjlm.sxyyc.net/sanxia-portal/view/index.jsp#/home?id=2,
,,,,重庆市开州区中医院,,官网,http://zjlm.sxyyc.net/sanxia-portal/view/index.jsp#/home?id=2,
,,,,重庆药学会,,官网,http://zjlm.sxyyc.net/sanxia-portal/view/index.jsp#/home?id=2,
,,,,云阳县中医院,,官网,http://zjlm.sxyyc.net/sanxia-portal/view/index.jsp#/home?id=2,
,,,,云阳县人民医院,,官网,http://zjlm.sxyyc.net/sanxia-portal/view/index.jsp#/home?id=2,
,,,,成都骨科医院,,官网,http://zjlm.sxyyc.net/sanxia-portal/view/index.jsp#/home?id=2,
,,,,重庆市医药学校,,官网,http://zjlm.sxyyc.net/sanxia-portal/view/index.jsp#/home?id=2,
,,,,重庆市万州区龙驹镇中心卫生院,,官网,http://zjlm.sxyyc.net/sanxia-portal/view/index.jsp#/home?id=2,
,,,,重庆爱瑞阳光眼科医疗产业集团股份有限公司,,官网,http://zjlm.sxyyc.net/sanxia-portal/view/index.jsp#/home?id=2,
,,,,重庆知行卫生学校,,官网,http://zjlm.sxyyc.net/sanxia-portal/view/index.jsp#/home?id=2,
,,,,重庆市针灸学会,,官网,http://zjlm.sxyyc.net/sanxia-portal/view/index.jsp#/home?id=2,
,,,,重庆工贸职业技术学院,,官网,http://zjlm.sxyyc.net/sanxia-portal/view/index.jsp#/home?id=2,
,,,,重庆市第七人民医院,,官网,http://zjlm.sxyyc.net/sanxia-portal/view/index.jsp#/home?id=2,
,,,,云阳福生堂药业有限公司,,官网,http://zjlm.sxyyc.net/sanxia-portal/view/index.jsp#/home?id=2,
,,,,遂宁市第三人民医院,,官网,http://zjlm.sxyyc.net/sanxia-portal/view/index.jsp#/home?id=2,
,,,,北京宜生健康科技有限公司,,官网,http://zjlm.sxyyc.net/sanxia-portal/view/index.jsp#/home?id=2,
,,,,奉节县疾病预防控制中心,,官网,http://zjlm.sxyyc.net/sanxia-portal/view/index.jsp#/home?id=2,
,,,,重庆嘉陵医院,,官网,http://zjlm.sxyyc.net/sanxia-portal/view/index.jsp#/home?id=2,
,,,,重庆三峡职业学院,,官网,http://zjlm.sxyyc.net/sanxia-portal/view/index.jsp#/home?id=2,
,,,,厦门在心医药有限公司,,官网,http://zjlm.sxyyc.net/sanxia-portal/view/index.jsp#/home?id=2,
,,,,重庆美莱整形美容医院有限公司,,官网,http://zjlm.sxyyc.net/sanxia-portal/view/index.jsp#/home?id=2,
,,,,四川天祥骨科医院,,官网,http://zjlm.sxyyc.net/sanxia-portal/view/index.jsp#/home?id=2,
,,,,长寿区卫生健康委员会,,官网,http://zjlm.sxyyc.net/sanxia-portal/view/index.jsp#/home?id=2,
,,,,巫溪县瑞雪药材种植有限责任公司,,官网,http://zjlm.sxyyc.net/sanxia-portal/view/index.jsp#/home?id=2,
,,,,云阳县疾病预防控制中心,,官网,http://zjlm.sxyyc.net/sanxia-portal/view/index.jsp#/home?id=2,
,,,,重庆市妇幼保健院,,官网,http://zjlm.sxyyc.net/sanxia-portal/view/index.jsp#/home?id=2,
,,,,重庆市中医药行业协会,,官网,http://zjlm.sxyyc.net/sanxia-portal/view/index.jsp#/home?id=2,
,,,,重庆市养老服务协会,,官网,http://zjlm.sxyyc.net/sanxia-portal/view/index.jsp#/home?id=2,
,,,,彭水县人民医院,,官网,http://zjlm.sxyyc.net/sanxia-portal/view/index.jsp#/home?id=2,
,,,,重庆市万州区龙沙镇中心医院,,官网,http://zjlm.sxyyc.net/sanxia-portal/view/index.jsp#/home?id=2,
,,,,重庆市医学会,,官网,http://zjlm.sxyyc.net/sanxia-portal/view/index.jsp#/home?id=2,
,,,,酉阳土家族自治县人民医院,,官网,http://zjlm.sxyyc.net/sanxia-portal/view/index.jsp#/home?id=2,
,,,,天津红日药业股份有限公司,,官网,http://zjlm.sxyyc.net/sanxia-portal/view/index.jsp#/home?id=2,
,,,,巫山县卫生健康委员会,,官网,http://zjlm.sxyyc.net/sanxia-portal/view/index.jsp#/home?id=2,
,,,,重庆市第十三人民医院,,官网,http://zjlm.sxyyc.net/sanxia-portal/view/index.jsp#/home?id=2,
,,,,重庆市第六人民医院,,官网,http://zjlm.sxyyc.net/sanxia-portal/view/index.jsp#/home?id=2,
,,,,德阳市第二人民医院,,官网,http://zjlm.sxyyc.net/sanxia-portal/view/index.jsp#/home?id=2,
,,,,重庆三峡医专附属中医院,,官网,http://zjlm.sxyyc.net/sanxia-portal/view/index.jsp#/home?id=2,
,,,,重庆忆念美美容管理有限公司,,官网,http://zjlm.sxyyc.net/sanxia-portal/view/index.jsp#/home?id=2,
,,,,忠县同怡医院,,官网,http://zjlm.sxyyc.net/sanxia-portal/view/index.jsp#/home?id=2,
,,,,重庆万和连锁药房有限公司,,官网,http://zjlm.sxyyc.net/sanxia-portal/view/index.jsp#/home?id=2,
